{
  "CoreBgmDbRootOverrides": {
    "ui_bgm_crs2_02_senjyou": {
      "ui_bgm_id": "ui_bgm_crs2_02_senjyou",
      "stream_set_id": "set_crs2_02_senjyou",
      "rarity": "bgm_rarity_0",
      "record_type": "record_original",
      "ui_gametitle_id": "ui_gametitle_hewdraw_remix",
      "ui_gametitle_id_1": "ui_gametitle_none",
      "ui_gametitle_id_2": "ui_gametitle_none",
      "ui_gametitle_id_3": "ui_gametitle_none",
      "ui_gametitle_id_4": "ui_gametitle_none",
      "name_id": null,
      "save_no": 0,
      "test_disp_order": 0,
      "menu_value": 0,
      "jp_region": true,
      "other_region": true,
      "possessed": true,
      "prize_lottery": false,
      "shop_price": 210,
      "count_target": true,
      "menu_loop": 1,
      "is_selectable_stage_make": true,
      "is_selectable_movie_edit": true,
      "is_selectable_original": true,
      "is_dlc": false,
      "is_patch": false,
      "dlc_ui_chara_id": "",
      "dlc_mii_hat_motif_id": "",
      "dlc_mii_body_motif_id": "",
      "msbt_title": {
        "eu_de": "Battlefield",
        "eu_en": "Battlefield",
        "eu_es": "Battlefield",
        "eu_fr": "Battlefield",
        "eu_it": "Battlefield",
        "eu_nl": "Battlefield",
        "eu_ru": "Battlefield",
        "jp_ja": "戦場",
        "kr_ko": "Battlefield",
        "us_en": "Battlefield (HDR)",
        "us_es": "Battlefield",
        "us_fr": "Battlefield",
        "zh_cn": "Battlefield",
        "zh_tw": "Battlefield"
      },
      "msbt_copyright": {
        "eu_de": "Composition: noisycroak Co.,Ltd. \r\nArrangement: BANDAI NAMCO Studios Inc.\r\nComposition and arrangement Copyright Nintendo",
        "eu_en": "Composition: noisycroak Co.,Ltd. \r\nArrangement: BANDAI NAMCO Studios Inc.\r\nComposition and arrangement Copyright Nintendo",
        "eu_es": "Composition: noisycroak Co.,Ltd. \r\nArrangement: BANDAI NAMCO Studios Inc.\r\nComposition and arrangement Copyright Nintendo",
        "eu_fr": "Composition: noisycroak Co.,Ltd. \r\nArrangement: BANDAI NAMCO Studios Inc.\r\nComposition and arrangement Copyright Nintendo",
        "eu_it": "Composition: noisycroak Co.,Ltd. \r\nArrangement: BANDAI NAMCO Studios Inc.\r\nComposition and arrangement Copyright Nintendo",
        "eu_nl": "Composition: noisycroak Co.,Ltd. \r\nArrangement: BANDAI NAMCO Studios Inc.\r\nComposition and arrangement Copyright Nintendo",
        "eu_ru": "Composition: noisycroak Co.,Ltd. \r\nArrangement: BANDAI NAMCO Studios Inc.\r\nComposition and arrangement Copyright Nintendo",
        "jp_ja": "作曲者：(株)ノイジークローク \r\n編曲者：(株)バンダイナムコスタジオ\r\nこの楽曲の作曲及び編曲に係る著作権は、任天堂(株)に帰属します。",
        "kr_ko": "Composition: noisycroak Co.,Ltd. \r\nArrangement: BANDAI NAMCO Studios Inc.\r\nComposition and arrangement Copyright Nintendo",
        "us_en": "",
        "us_es": "Composition: noisycroak Co.,Ltd. \r\nArrangement: BANDAI NAMCO Studios Inc.\r\nComposition and arrangement Copyright Nintendo",
        "us_fr": "Composition: noisycroak Co.,Ltd. \r\nArrangement: BANDAI NAMCO Studios Inc.\r\nComposition and arrangement Copyright Nintendo",
        "zh_cn": "作曲：noisycroak Co.,Ltd.\r\n编曲：BANDAI NAMCO Studios Inc.\r\nComposition and arrangement Copyright Nintendo",
        "zh_tw": "作曲者：noisycroak Co.,Ltd.\r\n編曲者：BANDAI NAMCO Studios Inc.\r\nComposition and arrangement Copyright Nintendo"
      },
      "msbt_author": {
        "eu_de": "Arrangement Supervisor: Junichi Nakatsuru",
        "eu_en": "Arrangement Supervisor: Junichi Nakatsuru",
        "eu_es": "Arrangement Supervisor: Junichi Nakatsuru",
        "eu_fr": "Arrangement Supervisor: Junichi Nakatsuru",
        "eu_it": "Arrangement Supervisor: Junichi Nakatsuru",
        "eu_nl": "Arrangement Supervisor: Junichi Nakatsuru",
        "eu_ru": "Arrangement Supervisor: Junichi Nakatsuru",
        "jp_ja": "編曲担当：中鶴 潤一",
        "kr_ko": "Arrangement Supervisor: Junichi Nakatsuru",
        "us_en": "Composer: Tempxa",
        "us_es": "Arrangement Supervisor: Junichi Nakatsuru",
        "us_fr": "Arrangement Supervisor: Junichi Nakatsuru",
        "zh_cn": "编曲负责人：Junichi Nakatsuru [中鶴 潤一]",
        "zh_tw": "擔任編曲者：Junichi Nakatsuru〔中鶴 潤一〕"
      },
      "0x0e6b57e593": false
    },
    "ui_bgm_crs2_01_menu": {
      "ui_bgm_id": "ui_bgm_crs2_01_menu",
      "stream_set_id": "set_crs2_01_menu",
      "rarity": "bgm_rarity_0",
      "record_type": "record_original",
      "ui_gametitle_id": "ui_gametitle_hewdraw_remix",
      "ui_gametitle_id_1": "ui_gametitle_none",
      "ui_gametitle_id_2": "ui_gametitle_none",
      "ui_gametitle_id_3": "ui_gametitle_none",
      "ui_gametitle_id_4": "ui_gametitle_none",
      "name_id": null,
      "save_no": 0,
      "test_disp_order": 0,
      "menu_value": 0,
      "jp_region": true,
      "other_region": true,
      "possessed": true,
      "prize_lottery": false,
      "shop_price": 210,
      "count_target": false,
      "menu_loop": 1,
      "is_selectable_stage_make": true,
      "is_selectable_movie_edit": true,
      "is_selectable_original": true,
      "is_dlc": false,
      "is_patch": false,
      "dlc_ui_chara_id": "",
      "dlc_mii_hat_motif_id": "",
      "dlc_mii_body_motif_id": "",
      "msbt_title": {
        "eu_de": "Menu",
        "eu_en": "Menu",
        "eu_es": "Menu",
        "eu_fr": "Menu",
        "eu_it": "Menu",
        "eu_nl": "Menu",
        "eu_ru": "Menu",
        "jp_ja": "メニュー",
        "kr_ko": "Menu",
        "us_en": "HewDraw Remix Main Theme",
        "us_es": "Menu",
        "us_fr": "Menu",
        "zh_cn": "Menu",
        "zh_tw": "Menu"
      },
      "msbt_copyright": {
        "eu_de": "Composition: noisycroak Co.,Ltd. \r\nArrangement: BANDAI NAMCO Studios Inc.\r\nComposition and arrangement Copyright Nintendo",
        "eu_en": "Composition: noisycroak Co.,Ltd. \r\nArrangement: BANDAI NAMCO Studios Inc.\r\nComposition and arrangement Copyright Nintendo",
        "eu_es": "Composition: noisycroak Co.,Ltd. \r\nArrangement: BANDAI NAMCO Studios Inc.\r\nComposition and arrangement Copyright Nintendo",
        "eu_fr": "Composition: noisycroak Co.,Ltd. \r\nArrangement: BANDAI NAMCO Studios Inc.\r\nComposition and arrangement Copyright Nintendo",
        "eu_it": "Composition: noisycroak Co.,Ltd. \r\nArrangement: BANDAI NAMCO Studios Inc.\r\nComposition and arrangement Copyright Nintendo",
        "eu_nl": "Composition: noisycroak Co.,Ltd. \r\nArrangement: BANDAI NAMCO Studios Inc.\r\nComposition and arrangement Copyright Nintendo",
        "eu_ru": "Composition: noisycroak Co.,Ltd. \r\nArrangement: BANDAI NAMCO Studios Inc.\r\nComposition and arrangement Copyright Nintendo",
        "jp_ja": "作曲者：(株)ノイジークローク \r\n編曲者：(株)バンダイナムコスタジオ\r\nこの楽曲の作曲及び編曲に係る著作権は、任天堂(株)に帰属します。",
        "kr_ko": "Composition: noisycroak Co.,Ltd. \r\nArrangement: BANDAI NAMCO Studios Inc.\r\nComposition and arrangement Copyright Nintendo",
        "us_en": "",
        "us_es": "Composition: noisycroak Co.,Ltd. \r\nArrangement: BANDAI NAMCO Studios Inc.\r\nComposition and arrangement Copyright Nintendo",
        "us_fr": "Composition: noisycroak Co.,Ltd. \r\nArrangement: BANDAI NAMCO Studios Inc.\r\nComposition and arrangement Copyright Nintendo",
        "zh_cn": "作曲：noisycroak Co.,Ltd.\r\n编曲：BANDAI NAMCO Studios Inc.\r\nComposition and arrangement Copyright Nintendo",
        "zh_tw": "作曲者：noisycroak Co.,Ltd.\r\n編曲者：BANDAI NAMCO Studios Inc.\r\nComposition and arrangement Copyright Nintendo"
      },
      "msbt_author": {
        "eu_de": "Arrangement Supervisor: Junichi Nakatsuru",
        "eu_en": "Arrangement Supervisor: Junichi Nakatsuru",
        "eu_es": "Arrangement Supervisor: Junichi Nakatsuru",
        "eu_fr": "Arrangement Supervisor: Junichi Nakatsuru",
        "eu_it": "Arrangement Supervisor: Junichi Nakatsuru",
        "eu_nl": "Arrangement Supervisor: Junichi Nakatsuru",
        "eu_ru": "Arrangement Supervisor: Junichi Nakatsuru",
        "jp_ja": "編曲担当：中鶴 潤一",
        "kr_ko": "Arrangement Supervisor: Junichi Nakatsuru",
        "us_en": "Composer: Tempxa",
        "us_es": "Arrangement Supervisor: Junichi Nakatsuru",
        "us_fr": "Arrangement Supervisor: Junichi Nakatsuru",
        "zh_cn": "编曲负责人：Junichi Nakatsuru [中鶴 潤一]",
        "zh_tw": "擔任編曲者：Junichi Nakatsuru〔中鶴 潤一〕"
      },
      "0x0e6b57e593": false
    }
  },
  "CoreBgmStreamSetOverrides": {
    "set_crs2_02_senjyou": {
      "stream_set_id": "set_crs2_02_senjyou",
      "special_category": "",
      "info0": "info_crs2_02_senjyou",
      "info1": "",
      "info2": "",
      "info3": "",
      "info4": "",
      "info5": "",
      "info6": "",
      "info7": "",
      "info8": "",
      "info9": "",
      "info10": "",
      "info11": "",
      "info12": "",
      "info13": "",
      "info14": "",
      "info15": ""
    },
    "set_crs2_01_menu": {
      "stream_set_id": "set_crs2_01_menu",
      "special_category": "",
      "info0": "info_crs2_01_menu",
      "info1": "",
      "info2": "",
      "info3": "",
      "info4": "",
      "info5": "",
      "info6": "",
      "info7": "",
      "info8": "",
      "info9": "",
      "info10": "",
      "info11": "",
      "info12": "",
      "info13": "",
      "info14": "",
      "info15": ""
    }
  },
  "CoreBgmAssignedInfoOverrides": {
    "info_crs2_02_senjyou": {
      "info_id": "info_crs2_02_senjyou",
      "stream_id": "stream_crs2_02_senjyou",
      "condition": "sound_condition_none",
      "condition_process": "sound_condition_process_add",
      "start_frame": 0,
      "change_fadein_frame": 0,
      "change_start_delay_frame": 0,
      "change_fadeout_frame": 55,
      "change_stop_delay_frame": 0,
      "menu_change_fadein_frame": 0,
      "menu_change_start_delay_frame": 0,
      "menu_change_fadeout_frame": 55,
      "menu_change_stop_delay_frame": 0
    },
    "info_crs2_01_menu": {
      "info_id": "info_crs2_01_menu",
      "stream_id": "stream_crs2_01_menu",
      "condition": "sound_condition_none",
      "condition_process": "sound_condition_process_add",
      "start_frame": 0,
      "change_fadein_frame": 0,
      "change_start_delay_frame": 0,
      "change_fadeout_frame": 55,
      "change_stop_delay_frame": 0,
      "menu_change_fadein_frame": 0,
      "menu_change_start_delay_frame": 0,
      "menu_change_fadeout_frame": 55,
      "menu_change_stop_delay_frame": 0
    }
  },
  "CoreBgmStreamPropertyOverrides": {
    "stream_crs2_02_senjyou": {
      "stream_id": "stream_crs2_02_senjyou",
      "data_name0": "crs2_02_senjyou",
      "data_name1": "",
      "data_name2": "",
      "data_name3": "",
      "data_name4": "",
      "loop": 0,
      "end_point": "00:02:38.000",
      "fadeout_frame": 400,
      "start_point_suddendeath": "00:00:00.000",
      "start_point_transition": "00:00:08.624",
      "start_point0": "00:00:08.669",
      "start_point1": "00:00:35.627",
      "start_point2": "00:00:49.231",
      "start_point3": "00:01:16.279",
      "start_point4": "00:01:56.844"
    },
    "stream_crs2_01_menu": {
      "stream_id": "stream_crs2_01_menu",
      "data_name0": "crs2_01_menu",
      "data_name1": "",
      "data_name2": "",
      "data_name3": "",
      "data_name4": "",
      "loop": 1,
      "end_point": "00:00:12.700",
      "fadeout_frame": 400,
      "start_point_suddendeath": "00:00:00.000",
      "start_point_transition": "00:00:05.407",
      "start_point0": "00:00:47.146",
      "start_point1": "00:01:15.013",
      "start_point2": "00:01:42.838",
      "start_point3": "00:01:58.453",
      "start_point4": "00:02:33.273"
    }
  },
  "CoreBgmPropertyOverrides": {
    "crs2_02_senjyou": {
      "name_id": "crs2_02_senjyou",
      "loop_start_ms": 16274,
      "loop_start_sample": 781128,
      "loop_end_ms": 158245,
      "loop_end_sample": 7595774,
      "total_time_ms": 158256,
      "total_samples": 7596285
    },
    "crs2_01_menu": {
      "name_id": "crs2_01_menu",
      "loop_start_ms": 9800,
      "loop_start_sample": 470400,
      "loop_end_ms": 157626,
      "loop_end_sample": 7566051,
      "total_time_ms": 157636,
      "total_samples": 7566536
    }
  }
}