{
  "ui_gametitle_star_fox_adventures": {
    "ui_gametitle_id": "ui_gametitle_star_fox_adventures",
    "name_id": "star_fox_adventures",
    "ui_series_id": "ui_series_starfox",
    "0x1c38302364": false,
    "release": 0,
    "msbt_title": {
      "eu_de": "Star Fox Adventures",
      "eu_en": "Star Fox Adventures",
      "eu_es": "Star Fox Adventures",
      "eu_fr": "Star Fox Adventures",
      "eu_it": "Star Fox Adventures",
      "eu_nl": "Star Fox Adventures",
      "eu_ru": "Star Fox Adventures",
      "jp_ja": "Star Fox Adventures",
      "kr_ko": "Star Fox Adventures",
      "us_en": "Star Fox Adventures",
      "us_es": "Star Fox Adventures",
      "us_fr": "Star Fox Adventures",
      "zh_cn": "Star Fox Adventures",
      "zh_tw": "Star Fox Adventures"
    },
    "bgms": null
  },
  "ui_gametitle_hewdraw_remix": {
    "ui_gametitle_id": "ui_gametitle_hewdraw_remix",
    "name_id": "hewdraw_remix",
    "ui_series_id": "ui_series_smashbros",
    "0x1c38302364": false,
    "release": 0,
    "msbt_title": {
      "eu_de": "HewDraw Remix",
      "eu_en": "HewDraw Remix",
      "eu_es": "HewDraw Remix",
      "eu_fr": "HewDraw Remix",
      "eu_it": "HewDraw Remix",
      "eu_nl": "HewDraw Remix",
      "eu_ru": "HewDraw Remix",
      "jp_ja": "HewDraw Remix",
      "kr_ko": "HewDraw Remix",
      "us_en": "HewDraw Remix",
      "us_es": "HewDraw Remix",
      "us_fr": "HewDraw Remix",
      "zh_cn": "HewDraw Remix",
      "zh_tw": "HewDraw Remix"
    },
    "bgms": null
  },
  "ui_gametitle_projectnx": {
    "ui_gametitle_id": "ui_gametitle_projectnx",
    "name_id": "projectnx",
    "ui_series_id": "ui_series_smashbros",
    "0x1c38302364": false,
    "release": 0,
    "msbt_title": {
      "eu_de": "ProjectNX",
      "eu_en": "ProjectNX",
      "eu_es": "ProjectNX",
      "eu_fr": "ProjectNX",
      "eu_it": "ProjectNX",
      "eu_nl": "ProjectNX",
      "eu_ru": "ProjectNX",
      "jp_ja": "ProjectNX",
      "kr_ko": "ProjectNX",
      "us_en": "ProjectNX",
      "us_es": "ProjectNX",
      "us_fr": "ProjectNX",
      "zh_cn": "ProjectNX",
      "zh_tw": "ProjectNX"
    },
    "bgms": null
  }
}