{
  "ui_bgm_random": -1,
  "ui_bgm_a01_smb_chijyou": 8,
  "ui_bgm_a02_smb_chika": 11,
  "ui_bgm_a03_smb_suichu": 12,
  "ui_bgm_a04_lnd_chika": 25,
  "ui_bgm_a05_smb3_hikousen": 23,
  "ui_bgm_a06_wld_castle_toride": 29,
  "ui_bgm_a07_wld_title_ending": 26,
  "ui_bgm_a08_new_maintheme": 38,
  "ui_bgm_a09_lm_theme": 85,
  "ui_bgm_a10_malrpg2_zarazarasabaku": 64,
  "ui_bgm_a13_sms_dolpiktown": 36,
  "ui_bgm_a14_sms_riccoharbor": 37,
  "ui_bgm_a15_sm64_maintheme": 32,
  "ui_bgm_a17_mb_mariobrothers": 88,
  "ui_bgm_a20_smk_mariocircuit": 96,
  "ui_bgm_a21_mk64_luigicircuit": 97,
  "ui_bgm_a22_mkds_waluigipinball": 99,
  "ui_bgm_a23_mkdd_rainbowroad": 98,
  "ui_bgm_a24_smb_chijyou_chika": 10,
  "ui_bgm_a25_smb3_medley": 21,
  "ui_bgm_a26_new2_athletic_chijyou": 52,
  "ui_bgm_a27_3dl_smb_theme": 51,
  "ui_bgm_a27a_3dl_smb_theme_part1": -1,
  "ui_bgm_a27b_3dl_smb_theme_part2": -1,
  "ui_bgm_a28_malrpg4_tryandtry": 68,
  "ui_bgm_a29_ppm_medley": 67,
  "ui_bgm_a29a_ppm_medley_part1": -1,
  "ui_bgm_a29b_ppm_medley_part2": -1,
  "ui_bgm_a29c_ppm_medley_part3": -1,
  "ui_bgm_a30_mkt_rainbowroad_medley": 103,
  "ui_bgm_a31_mkt7_rainbowroad": 102,
  "ui_bgm_a32_smb_medley": 13,
  "ui_bgm_a33_smb2_medley": 14,
  "ui_bgm_a34_new2_touboss": 30,
  "ui_bgm_a35_wld_medley": 28,
  "ui_bgm_a36_mkt7_circuit": 101,
  "ui_bgm_a37_mkt8_skygarden": 106,
  "ui_bgm_a38_glx_eggplanet": 40,
  "ui_bgm_a39_glx_tenmondainorosetta": 42,
  "ui_bgm_a40_drm_chill_ver2": 91,
  "ui_bgm_a41_mpt_medley": 92,
  "ui_bgm_a42_lm_medley": 86,
  "ui_bgm_a44_new2_chijyou": 53,
  "ui_bgm_a45_newu_chijyou": 54,
  "ui_bgm_a45a_newu_chijyou_smmlink": -1,
  "ui_bgm_a47_pty9_minigame": 74,
  "ui_bgm_a48_malrpg3_choitotsuyoiyatsura": 65,
  "ui_bgm_a49_malrpg3_inthefinal": 66,
  "ui_bgm_a50_mktw_kinokocanyon": 100,
  "ui_bgm_a51_mkt8_mariokartstadium": 104,
  "ui_bgm_a52_mkt8_mariocircuit": 105,
  "ui_bgm_a53_mkt8_rainbowroad": 107,
  "ui_bgm_a54_glx_eggplanet": 41,
  "ui_bgm_a55_glx_windgarden": 43,
  "ui_bgm_a56_glx_supermariogalaxy": 39,
  "ui_bgm_a57_glx2_sorajima": 47,
  "ui_bgm_a58_glx2_shingingateikoku": 49,
  "ui_bgm_a59_glx2_shukumeinokessen": 50,
  "ui_bgm_a60_glx2_themeofsmg2": 45,
  "ui_bgm_a62_lm2_urameshiyashiki": 87,
  "ui_bgm_a63_3dw_field01": 55,
  "ui_bgm_a64_3dw_finkoopa02": 56,
  "ui_bgm_a65_3dw_milkyway": 44,
  "ui_bgm_a66a_smb3_chijyou_smmlink": -1,
  "ui_bgm_a67_sm64_slider": 34,
  "ui_bgm_a68_musa_chijyou": 16,
  "ui_bgm_a69_sm64_maintheme": 31,
  "ui_bgm_a70_smm_title": 57,
  "ui_bgm_a71_smb_chijyou": 5,
  "ui_bgm_a71a_smb_chijyou_smmlink": -1,
  "ui_bgm_a72_wld_chijyou": 27,
  "ui_bgm_a72a_wld_chijyou_smmlink": -1,
  "ui_bgm_a73_smb_chijyou_hurryup": -1,
  "ui_bgm_a74_musa_chijyou_hurryup": 18,
  "ui_bgm_a75_smo_breakfree": 63,
  "ui_bgm_a76_smo_finaldungeon": 62,
  "ui_bgm_a77_smo_forestkingdom": 61,
  "ui_bgm_a78_smo_jumpupsuperstar": 60,
  "ui_bgm_a78_smo_jumpupsuperstar_full": -1,
  "ui_bgm_a78a_smo_jumpupsuperstar_partlink": -1,
  "ui_bgm_a79_smo_newdonkcity": 59,
  "ui_bgm_a80_smo_smbtheme_bandplay": 9,
  "ui_bgm_a80_smo_smbtheme_bandplay_full": -1,
  "ui_bgm_a80a_smo_smbtheme_bandplay_partlink": -1,
  "ui_bgm_a81_smo_waterfallkingdom": 58,
  "ui_bgm_a82_lm_theme": 84,
  "ui_bgm_a83_sms_dolpiktown": 35,
  "ui_bgm_a84_smb3_maoukuppa": 24,
  "ui_bgm_a85_smb3_chijyou": 20,
  "ui_bgm_a86_smb3_toridenoboss": 22,
  "ui_bgm_a87_glx2_hoshibunehayuku": 46,
  "ui_bgm_a88_glx2_magmamonster": 48,
  "ui_bgm_a90_pmc_battle": 72,
  "ui_bgm_a91_tnsus_simpletennis": 79,
  "ui_bgm_a97_gfw_worldtornament": 78,
  "ui_bgm_a98_ptyis_maintheme": 75,
  "ui_bgm_a99_ptyis_boardbgm2": 76,
  "ui_bgm_aa04_mvdmin_title": 95,
  "ui_bgm_aa05_mvdmin_rollinghills": 17,
  "ui_bgm_aa06_malpmm_isogebamaniau": 69,
  "ui_bgm_aa07_malpmm_toriodedaikonsen": 70,
  "ui_bgm_aa08_malpmm_attackendrun": 71,
  "ui_bgm_aa14_sptss_kingdumstadium_yoru": 80,
  "ui_bgm_aa15_sptss_countryfield_senkou": 81,
  "ui_bgm_aa16_malr1d_koregabokosukabattle": 73,
  "ui_bgm_aa17_mkt8d_excitebike": 108,
  "ui_bgm_aa18_mkt8d_dragonroad": 109,
  "ui_bgm_aa19_mkt8d_tsurutsurutwister": 110,
  "ui_bgm_aa20_skt_dragonboss": 94,
  "ui_bgm_aa21_skt_kinopiotaicho_theme": 93,
  "ui_bgm_aa22_musa_chijyou": 15,
  "ui_bgm_aa23_tnsac_mariotennistheme": 82,
  "ui_bgm_aa24_tnsac_stadiumtheme": 83,
  "ui_bgm_ad01_fc_starker": 673,
  "ui_bgm_ad03_fc_outoftime": 674,
  "ui_bgm_ad04_dc2_bloodytears": 677,
  "ui_bgm_ad05_dc2_dwellingofdoom": 678,
  "ui_bgm_ad07_sfc_simonbelmontnotheme": 684,
  "ui_bgm_ad08_vk_ironblueintention": 689,
  "ui_bgm_ad09_cm_awake": 694,
  "ui_bgm_ad10_cv_shinjitsunonageki": 696,
  "ui_bgm_ad11_sj_shikkokunoshinkou": 697,
  "ui_bgm_ad12_gl_jailofjewel": 701,
  "ui_bgm_ad13_gl_hailfromthepast": 700,
  "ui_bgm_ad14_gl_keishou_kekkonnoketsuzoku": 686,
  "ui_bgm_ad15_ju_vampirekiller": 671,
  "ui_bgm_ad17_ju_madforest": 682,
  "ui_bgm_ad18_ju_draculascastle": 690,
  "ui_bgm_ad19_ju_danceofillusions": 688,
  "ui_bgm_ad20_ac_beginning": 681,
  "ui_bgm_ad21_ac_jyujikawomuneni": 679,
  "ui_bgm_ad22_ac_simonnotheme": 685,
  "ui_bgm_ad23_hd_koujoukairou": 695,
  "ui_bgm_ad24_hd_yamiyonogekitotsu": 698,
  "ui_bgm_ad25_hd_shikkokunotsubasa": 703,
  "ui_bgm_ad26_hd_kirisakaretaseijaku": 699,
  "ui_bgm_ad27_hd_ushinawaretasaiga": 692,
  "ui_bgm_ad28_hd_nothingtolose": 675,
  "ui_bgm_ad29_hd_hikyounokikoushi": 693,
  "ui_bgm_ad30_hd_tasogarenoseikon": 702,
  "ui_bgm_ad31_hd_yorumadematenai": 680,
  "ui_bgm_ad32_hd_aquarius": 683,
  "ui_bgm_ad33_hd_slash": 687,
  "ui_bgm_ad35_hd_ikegetsufuma": 704,
  "ui_bgm_ad36_gy_ougonnobukyoku": 691,
  "ui_bgm_ad37_ac_blacknight_lasstboss2": 676,
  "ui_bgm_ad38_ju_vampirekiller": 672,
  "ui_bgm_assist_sp_kimiironisomete": -1,
  "ui_bgm_assist_sp_shiokarabushi": -1,
  "ui_bgm_b01_spr_junglelevel_ver2": 121,
  "ui_bgm_b02_spr_mappage_bonuslevel": 118,
  "ui_bgm_b03_dk_opening": 111,
  "ui_bgm_b04_dk_donkeykong": 114,
  "ui_bgm_b05_spr_kingkrool_shipdeck2": 130,
  "ui_bgm_b06_spr2_togetogetarumeiro": 131,
  "ui_bgm_b07_jbt_arashigaokanotatakai": 134,
  "ui_bgm_b09_dk_25mbgm": 115,
  "ui_bgm_b11_rtn_thrillgearflight": 137,
  "ui_bgm_b12_spr_junglelevel": 122,
  "ui_bgm_b13_rtn_donkeykongreturnes_cv": 113,
  "ui_bgm_b14_rtn_donkeykongreturnes": 112,
  "ui_bgm_b15_rtn_bananajungle": 124,
  "ui_bgm_b16_rtn_mogryanokoujigenba": 136,
  "ui_bgm_b17_tfr_mangroves": 138,
  "ui_bgm_b18_tfr_theme03": 125,
  "ui_bgm_b19_spr_junglelevel_ethnic": 123,
  "ui_bgm_b20_dk_medley": 116,
  "ui_bgm_b21_spr2_crocodilecacophony": 132,
  "ui_bgm_b22_spr_mappage_bonuslevel": 117,
  "ui_bgm_b23_spr_shipdeck2": 128,
  "ui_bgm_b24_spr_thepirateship": 129,
  "ui_bgm_b25_spr_funkykongpage": 127,
  "ui_bgm_b26_spr_theicecove": 126,
  "ui_bgm_b27_jcl_btlcommon": 135,
  "ui_bgm_by01_by_oneofakind": 661,
  "ui_bgm_by02_by_ridersofthelight": 662,
  "ui_bgm_by03_by_mysteriousdestiny": 660,
  "ui_bgm_by04_by_letshittheclimax": 663,
  "ui_bgm_by05_by_redandblack": 664,
  "ui_bgm_by06_by_afterburnerclimaxmix": 665,
  "ui_bgm_by07_by_tomoyo": 666,
  "ui_bgm_by08_by_letsdanceboys": 667,
  "ui_bgm_by09_by2_thelegendofaesir": 669,
  "ui_bgm_by10_by2_tomorrowismine": 668,
  "ui_bgm_by11_by2_timefortheclimax": 670,
  "ui_bgm_c01_zld_title": 139,
  "ui_bgm_c02_zld_maintheme": 143,
  "ui_bgm_c03_lnk_daishinden_shinden": 148,
  "ui_bgm_c04_tri_yaminosekai": 150,
  "ui_bgm_c05_tri_uranoyamatomori": 152,
  "ui_bgm_c07_yms_tarutarukougen": 153,
  "ui_bgm_c08_tno_hyrulemaintheme": 155,
  "ui_bgm_c09_tno_medley": 154,
  "ui_bgm_c10_tno_arashinouta": 159,
  "ui_bgm_c12_4sw_aonomikonomura": 167,
  "ui_bgm_c14_mnk_terminaheigen": 163,
  "ui_bgm_c15_kzt_ryuunoshima": 165,
  "ui_bgm_c17_tpr_maintheme": 168,
  "ui_bgm_c18_tpr_wasureraretasato": 170,
  "ui_bgm_c20_zld_maintheme_chika": 144,
  "ui_bgm_c21_tri_uranochijyou_uradungeon": 151,
  "ui_bgm_c22_tno_gerudonotani": 160,
  "ui_bgm_c23_dnk_trainfield2": 171,
  "ui_bgm_c24_sws_megaminouta_ghirahim": 172,
  "ui_bgm_c25_tno_sarianouta": 158,
  "ui_bgm_c26_kzt_oounabara_menuselect": 164,
  "ui_bgm_c28_tno_gerudonotani": 161,
  "ui_bgm_c29_sws_megaminouta": 173,
  "ui_bgm_c30_tri2_hyrulemaintheme": 174,
  "ui_bgm_c31_tri2_lorulemaintheme": 176,
  "ui_bgm_c32_tri2_yuganotheme": 175,
  "ui_bgm_c33_zld_chijiyou": 140,
  "ui_bgm_c34_tri_omotenochijiyou": 149,
  "ui_bgm_c35_tno_hyrulemaintheme": 156,
  "ui_bgm_c36_zld_medley": 145,
  "ui_bgm_c37_bow_ganon_latter": 183,
  "ui_bgm_c38_bow_hyrulejyou_outside": 182,
  "ui_bgm_c39_bow_kasstheme": 181,
  "ui_bgm_c40_bow_maintheme": 180,
  "ui_bgm_c41_zds_3rdtrailertheme": 179,
  "ui_bgm_c42_tpr_kizudarakenomidna": 169,
  "ui_bgm_c43_tri3_maintheme": 177,
  "ui_bgm_c44_kzt_morudogeira": 166,
  "ui_bgm_c45_zld_deathmountain": 146,
  "ui_bgm_c46_mnk_terminaheigen": 162,
  "ui_bgm_c47_tri3_moriarea": 178,
  "ui_bgm_c48_tno_sarianouta": 157,
  "ui_bgm_crs01_menu": 1006,
  "ui_bgm_crs02_senjyou": 1013,
  "ui_bgm_crs03_shuuten": 1018,
  "ui_bgm_crs04_kumite": 1020,
  "ui_bgm_crs05_masterhand": 1059,
  "ui_bgm_crs06_mastercore": 1060,
  "ui_bgm_crs07_online": 1069,
  "ui_bgm_crs11_simple_result": 1056,
  "ui_bgm_crs12_simple_result_final": 1057,
  "ui_bgm_crs13_simple_result_failure": 1058,
  "ui_bgm_crs15_rest": 1068,
  "ui_bgm_crs18_figuremeikan": 1066,
  "ui_bgm_crs19_figureshop": 1065,
  "ui_bgm_crs2_00a_maintheme_jp": 0,
  "ui_bgm_crs2_00b_maintheme_en": 1,
  "ui_bgm_crs2_01_menu": 2,
  "ui_bgm_crs2_02_senjyou": 3,
  "ui_bgm_crs2_03_shuuten": 4,
  "ui_bgm_crs2_04_kumite": 965,
  "ui_bgm_crs2_05_masterhand": 970,
  "ui_bgm_crs2_06_vs_matchup": -1,
  "ui_bgm_crs2_07_vs_table": 987,
  "ui_bgm_crs2_08_vs_victory": 988,
  "ui_bgm_crs2_11_trainingstage": 989,
  "ui_bgm_crs2_12_adv_map_light": 973,
  "ui_bgm_crs2_13_adv_map_light_subcommon": 975,
  "ui_bgm_crs2_14_adv_map_dark": 976,
  "ui_bgm_crs2_15_adv_map_final": 978,
  "ui_bgm_crs2_16_bonusstage": 969,
  "ui_bgm_crs2_17_vs_kiila1": 980,
  "ui_bgm_crs2_19_vs_darz1": 981,
  "ui_bgm_crs2_21_vs_kiila_darz": 982,
  "ui_bgm_crs2_22_spiritsboard_roulette": 984,
  "ui_bgm_crs2_23_edit_common": 985,
  "ui_bgm_crs2_24_spirits_raise": -1,
  "ui_bgm_crs2_27_spirits_organize": 986,
  "ui_bgm_crs2_28_classic_dificulty": 966,
  "ui_bgm_crs2_29_classic_matchup": -1,
  "ui_bgm_crs2_30_classic_result_win": -1,
  "ui_bgm_crs2_31_classic_result_failure": 967,
  "ui_bgm_crs2_32_classic_chronicle": -1,
  "ui_bgm_crs2_33_classic_result_final": 968,
  "ui_bgm_crs2_34_amiibo_fpfighter": -1,
  "ui_bgm_crs2_36_simulationstage": 992,
  "ui_bgm_crs2_38_online_watching": 993,
  "ui_bgm_crs2_40_collection": 990,
  "ui_bgm_crs2_41_shop": 991,
  "ui_bgm_crs2_42_crazyhand": 971,
  "ui_bgm_crs2_43_masterhand_crazyhand": 972,
  "ui_bgm_crs2_45_adv_map_dark_subcommon": 977,
  "ui_bgm_crs2_46_adv_map_final_later": 979,
  "ui_bgm_crs2_47_maintheme_piano": 983,
  "ui_bgm_crs2_48_adv_map_light_later": 974,
  "ui_bgm_crs2_49_commonsilent_lp": -1,
  "ui_bgm_crs20_figurerush": 1064,
  "ui_bgm_crs21_album": 1067,
  "ui_bgm_crs22_surechigaidairantou": 1070,
  "ui_bgm_crs23_asobikata": 999,
  "ui_bgm_crs24_vs_result": 1008,
  "ui_bgm_crs25_staffroll": 1028,
  "ui_bgm_crs26_shuuten_ver2": 1019,
  "ui_bgm_crs27_masterfortress01": 1061,
  "ui_bgm_crs28_masterfortress02": 1062,
  "ui_bgm_crs31_world_map": 1072,
  "ui_bgm_crs36_tournament_table": 1071,
  "ui_bgm_crs39_order_masterside": 1063,
  "ui_bgm_d01_mr_maintheme": 187,
  "ui_bgm_d02_mr_norfair": 190,
  "ui_bgm_d03_mr_ending": 192,
  "ui_bgm_d04_smr_vsridley": 194,
  "ui_bgm_d05_smr_samusarannotheme": 195,
  "ui_bgm_d06_fsn_sector1": 196,
  "ui_bgm_d07_prm_opnening_menu": 197,
  "ui_bgm_d09_prm_vsmetaridley": 199,
  "ui_bgm_d10_prm2_multiplay": 200,
  "ui_bgm_d11_mr_title": 184,
  "ui_bgm_d12_mr_dasshutu": 191,
  "ui_bgm_d13_pht_psychobits": 201,
  "ui_bgm_d14_otm_yougangyobattle": 203,
  "ui_bgm_d15_otm_hanyoutojikomebattle": 202,
  "ui_bgm_d16_otm_ridleybattle": 204,
  "ui_bgm_d17_prm_vsparasitequeen": 198,
  "ui_bgm_d18_smr_vsridley": 193,
  "ui_bgm_d19_mr_brinstarshinbu": 188,
  "ui_bgm_d20_pff_splashscreen": 205,
  "ui_bgm_d21_srt_result": 208,
  "ui_bgm_d22_srt_areabgmnettai": 206,
  "ui_bgm_d23_srt_zetametroid": 207,
  "ui_bgm_e01_str_ending": 215,
  "ui_bgm_e02_ild_athletic": 212,
  "ui_bgm_e02a_ild_athletic_spring_summer": -1,
  "ui_bgm_e02b_ild_athletic_autumn_winter": -1,
  "ui_bgm_e02c_ild_athletic_scenelink": -1,
  "ui_bgm_e03_ild_yoshiisland": 210,
  "ui_bgm_e05_cty_ohanabatake": 216,
  "ui_bgm_e06_ilds_kouyanotheme": 217,
  "ui_bgm_e07_ild_stage1_1": 211,
  "ui_bgm_e08_kny_keitonoyoshi": 221,
  "ui_bgm_e09_nild_maintheme": 219,
  "ui_bgm_e10_nild_gypsy": 220,
  "ui_bgm_e11_wol_yoshiwoolworld": 222,
  "ui_bgm_e12_nild_maintheme": 218,
  "ui_bgm_f01_air_airridemachine": 245,
  "ui_bgm_f02_kby_dededeounotheme": 226,
  "ui_bgm_f03_kby_bossthememedley": 229,
  "ui_bgm_f04_yim_butterbuilding": 231,
  "ui_bgm_f05_sdx_gekitotsugourmetrace": 233,
  "ui_bgm_f06_sdx_metaknightnogyakushuu": 237,
  "ui_bgm_f07_sdx_vsmarx": 238,
  "ui_bgm_f08_kby64_zerotwosen": 240,
  "ui_bgm_f11_air_colda": 243,
  "ui_bgm_f12_sdd_dorochedannotheme": 247,
  "ui_bgm_f13_kby_greengreens_ver2": 224,
  "ui_bgm_f14_kby_gb_greengreens": -1,
  "ui_bgm_f14a_kby_gb_greengreens_scenelink": -1,
  "ui_bgm_f15_kby_gb_castlelololo": -1,
  "ui_bgm_f16_kby_gb_floatislands": -1,
  "ui_bgm_f17_kby_gb_bubblyclouds": -1,
  "ui_bgm_f18_kby_gb_mtdedede": -1,
  "ui_bgm_f19_yim_butterbuilding": 232,
  "ui_bgm_f20_sdx_dedededaiounotheme": 227,
  "ui_bgm_f21_sdx_doukutsudaisakusen": 236,
  "ui_bgm_f22_knd_morishizenarea": 246,
  "ui_bgm_f23_air_vallerion": 242,
  "ui_bgm_f24_kbyw_boukennohajimari": 248,
  "ui_bgm_f25_kbyw_moriwonukete": 249,
  "ui_bgm_f26_tdx_fuyuutairikunohanabatake": 253,
  "ui_bgm_f27_air_moristage": 241,
  "ui_bgm_f28_kby64_popstar": 239,
  "ui_bgm_f29_tdx_tamashiinotatakai": 255,
  "ui_bgm_f30_yim_icecreamisland": 230,
  "ui_bgm_f31_air_citytrial": 244,
  "ui_bgm_f32_kby_staffroll": 228,
  "ui_bgm_f33_wii_skytower": 250,
  "ui_bgm_f34_wii_dagerousdiner": 251,
  "ui_bgm_f35_wii_crowned": 252,
  "ui_bgm_f36_tdx_kyoukasuigetsu": 254,
  "ui_bgm_f37_ddz_crowned_ver2": 256,
  "ui_bgm_f38_rbp_kikainosekainodaibouken": 257,
  "ui_bgm_f39_rbp_roboboarmor": 258,
  "ui_bgm_f40_bdx_maintheme": 259,
  "ui_bgm_f41_sta_tomotokizunanotatakai2": 260,
  "ui_bgm_f42_kby_gb_medley": 225,
  "ui_bgm_f42a_kby_gb_medley_scenelink": -1,
  "ui_bgm_ff01_ff7_tatakaumonotachi": 650,
  "ui_bgm_ff02_ff7_saranitatakaumonotachi": 652,
  "ui_bgm_g01_sfx_maintheme": 261,
  "ui_bgm_g02_sfx_corneria": 262,
  "ui_bgm_g03_sfx64_maintheme": 267,
  "ui_bgm_g04_sfx64_area6": 271,
  "ui_bgm_g05_sfx64_starwolf": 269,
  "ui_bgm_g07_ast_sentoutyuuiki": 274,
  "ui_bgm_g08_ast_hyougentoppaseyo": 275,
  "ui_bgm_g09_ast_starwolf": 268,
  "ui_bgm_g10_sfx_spacearmada": 263,
  "ui_bgm_g11_sfx64_area6ver2": 272,
  "ui_bgm_g12_sfx64_starwolf_sectorz": 270,
  "ui_bgm_g13_sfx64_cmd_area6_missle": 273,
  "ui_bgm_g14_sfz_stgcorneria2": 278,
  "ui_bgm_g15_sfz_stgdefence": 276,
  "ui_bgm_g16_sfz_stgspace4": 277,
  "ui_bgm_h01_pm_maintheme": 282,
  "ui_bgm_h02_pm_pokemoncenter": 284,
  "ui_bgm_h03_pm_tokiwahenomichi_nibicity": 283,
  "ui_bgm_h04_pm_pokemongym_shinka": 285,
  "ui_bgm_h05_rs_sentou_yaseipokemon": 288,
  "ui_bgm_h06_rs_championroad": 289,
  "ui_bgm_h07_dp_sentou_yaseipokemon": 290,
  "ui_bgm_h08_dp_dialgapalkia_yarinohashira": 293,
  "ui_bgm_h09_dp_gingadan": 291,
  "ui_bgm_h10_dp_209bandouro": 292,
  "ui_bgm_h11_bw_n_medley": 296,
  "ui_bgm_h12_bw_sentou_zekrom_reshiram": 297,
  "ui_bgm_h13_xy_sentou_trainer": 301,
  "ui_bgm_h14_xy_miarecity": 303,
  "ui_bgm_h16_dp_sentou_champion": 294,
  "ui_bgm_h17_bw_10bandouro": 295,
  "ui_bgm_h18_b2w2_23bandouro": 299,
  "ui_bgm_h19_xy_vs_flare": 302,
  "ui_bgm_h20_xy_sentou_yaseipokemon": 300,
  "ui_bgm_h21_xy_championroad": 304,
  "ui_bgm_h22_xy_sentou_champion": 305,
  "ui_bgm_h23_sm_sentou_yaseipokemon": 308,
  "ui_bgm_h24_oras_kessen_daigo": 306,
  "ui_bgm_h25_sm_sentou_shimakingshimaqueen": 310,
  "ui_bgm_h26_sm_sentou_gladion": 311,
  "ui_bgm_h27_sm_sentou_shitennou_solgaleo_lunala": 312,
  "ui_bgm_h28_sm_sentou_trainer": 309,
  "ui_bgm_h29_oras_sentou_higana": 307,
  "ui_bgm_h30_sm_choujoukessen": 313,
  "ui_bgm_i01_fzr_mutecity": 317,
  "ui_bgm_i02_fzr_whiteland": 329,
  "ui_bgm_i03_fzr_firefield": 332,
  "ui_bgm_i04_fzx_carselect": 334,
  "ui_bgm_i05_fzx_dreamchaser": 335,
  "ui_bgm_i06_fzx_devilscallinyourheart": 336,
  "ui_bgm_i07_fzx_climbup_andgetthelastchance": 337,
  "ui_bgm_i08_gx_braincleaner": 338,
  "ui_bgm_i09_gx_shotgunkiss": 339,
  "ui_bgm_i10_gx_planetcolors": 340,
  "ui_bgm_i11_fzr_mutecity": 318,
  "ui_bgm_i12_fzr_sfc_mutecity": 315,
  "ui_bgm_i14_fzr_redcanyon": 328,
  "ui_bgm_i15_fzr_medley": 325,
  "ui_bgm_i16_fzr_sandocean": 322,
  "ui_bgm_i17_fzr_bigblue": 320,
  "ui_bgm_i18_fzr_deathwind": 324,
  "ui_bgm_i19_fzr_firefield": 333,
  "ui_bgm_i20_fzr_porttown": 327,
  "ui_bgm_i21_fzr_sandocean": 323,
  "ui_bgm_i22_fzr_sandocean": 326,
  "ui_bgm_i23_fzr_whiteland1": 330,
  "ui_bgm_i24_fzr_whiteland2": 331,
  "ui_bgm_i25_fzr_bigblue": 319,
  "ui_bgm_j02_fem_theme": 355,
  "ui_bgm_j03_fem_aankokuryuumedley": 360,
  "ui_bgm_j04_gdn_miranokagototomoni": 363,
  "ui_bgm_j06_snk_shingekijunbi": 376,
  "ui_bgm_j07_fnk_winningroad_roynokibou": 374,
  "ui_bgm_j08_rnk_kougeki": 375,
  "ui_bgm_j09_sek_againstthedarkknight": 379,
  "ui_bgm_j10_sek_crimeaarmysortie": 378,
  "ui_bgm_j11_sek_powerhungryfool": 380,
  "ui_bgm_j12_sek_victoryisnear": 377,
  "ui_bgm_j13_anm_ikenotheme": 381,
  "ui_bgm_j14_ksi_i_i": 389,
  "ui_bgm_j15_gdn_tatakai1": 364,
  "ui_bgm_j16_mnn_deainotheme": 370,
  "ui_bgm_j17_mnn_singeki": 369,
  "ui_bgm_j18_ssk_tougijyou": 361,
  "ui_bgm_j20_anm_tyuugitsukusan": 382,
  "ui_bgm_j21_anm_kekkinotoki": 383,
  "ui_bgm_j22_ksi_shimei_honoo": 385,
  "ui_bgm_j23_ksi_ensei_honoo": 387,
  "ui_bgm_j24_if_hitoriomou": 393,
  "ui_bgm_j25_if_hitoriomou": 391,
  "ui_bgm_j26_if_lostinthoughtsallalone": 392,
  "ui_bgm_j27_hr_menu": 394,
  "ui_bgm_j28_if_hitoriomou": 390,
  "ui_bgm_j29_ksi_jomaku_honoo": 384,
  "ui_bgm_j30_ssk_shituinohate": 371,
  "ui_bgm_j31_ksi_shukumei_honoo": 386,
  "ui_bgm_j32_eco_btl_a2": 366,
  "ui_bgm_j33_eco_btl_berkut2": 396,
  "ui_bgm_j34_eco_mapb_a2": 362,
  "ui_bgm_j35_eco_mapb_rudlf": 395,
  "ui_bgm_j36_mnn_konohatanomotoni": 367,
  "ui_bgm_j37_mnn_singeki": 368,
  "ui_bgm_j38_fnk_anosoranomukouni_roynotabidachi": 373,
  "ui_bgm_j39_ksi_i_i": 388,
  "ui_bgm_j40_hr_menutitle": 356,
  "ui_bgm_k01_mtr_snowman": 346,
  "ui_bgm_k05_mtr_humoresqueofalittledog": 342,
  "ui_bgm_k07_mtr_porkynotheme": 354,
  "ui_bgm_k08_mtr3_ainotheme": 351,
  "ui_bgm_k09_mtr3_revenge_bukkowashisanka": 352,
  "ui_bgm_k10_mtr3_utopiadesho": 353,
  "ui_bgm_k11_mtr_magicant_eightmelodies": 344,
  "ui_bgm_k12_mtr2_smileandtears": 350,
  "ui_bgm_k13_mtr2_onettnotheme": 347,
  "ui_bgm_k14_mtr_magicant": 343,
  "ui_bgm_k15_mtr2_fourside": 348,
  "ui_bgm_l01_pik2_worldmap": 439,
  "ui_bgm_l02_pik_kibounomori": 436,
  "ui_bgm_l03_pik_kankyouon": 438,
  "ui_bgm_l06_pik_maintheme": 435,
  "ui_bgm_l07_pik_clear_title": 437,
  "ui_bgm_l09_pik2_stageselect": 440,
  "ui_bgm_l10_pik3_missionmode": 443,
  "ui_bgm_l11_pik3_saikainohanazono": 442,
  "ui_bgm_l12_pik3_saikainohanazono": 441,
  "ui_bgm_l13_hpk_tokusyucourse4omote": 446,
  "ui_bgm_l14_hpk_boss2": 444,
  "ui_bgm_l15_hpk_boss4": 445,
  "ui_bgm_l16_hpk_boss9later": 447,
  "ui_bgm_l17_pik_maintheme": 434,
  "ui_bgm_m01_miw_madeinwario": 423,
  "ui_bgm_m01a_miw_madeinwario_scenelink": -1,
  "ui_bgm_m02_miw_medley": 424,
  "ui_bgm_m03_mmw_kochiramonapizza": 430,
  "ui_bgm_m04_mmw_monapizzassong": 431,
  "ui_bgm_m05_smw_mikegasukisuki": 428,
  "ui_bgm_m06_smw_mikessong": 429,
  "ui_bgm_m07_smw_ashreynotheme": 425,
  "ui_bgm_m08_smw_ashreyssong": 426,
  "ui_bgm_m09_miw_game_yokero": -1,
  "ui_bgm_m10_miw_game_fumareruna": -1,
  "ui_bgm_m11_miw_game_kawase": -1,
  "ui_bgm_m12_miw_game_nureruna": -1,
  "ui_bgm_m13_miw_game_tobe": -1,
  "ui_bgm_m15_miw_game_narase": -1,
  "ui_bgm_m16_miw_game_kudake": -1,
  "ui_bgm_m17_miw_game_ugokuna": -1,
  "ui_bgm_m18_miw_game_appeal": -1,
  "ui_bgm_m19_smw_ashreynotheme": 427,
  "ui_bgm_m20_wls_1_1_1_iseki": 432,
  "ui_bgm_m21a_gaw_gamer_normal": -1,
  "ui_bgm_m21b_gaw_gamer_mom": 433,
  "ui_bgm_m21c_gaw_gamer_scenelink": -1,
  "ui_bgm_mg02_mgs_encounter": 540,
  "ui_bgm_mg03_mg_themeoftara": 537,
  "ui_bgm_mg04_mgs2_yelldeadcell": 541,
  "ui_bgm_mg05_mgs3_snakeeater_instrumental": 543,
  "ui_bgm_mg06_mgs4_themeoflove": 545,
  "ui_bgm_mg07_mgs_cavern": 539,
  "ui_bgm_mg08_mgs3_battleinthebase": 544,
  "ui_bgm_mg11_callingtothenight": 546,
  "ui_bgm_mg12_mgs3_snakeeater": 542,
  "ui_bgm_mg13_mg2_themeofsolidsnake": 538,
  "ui_bgm_mg14_msp_maintheme": 547,
  "ui_bgm_mh01_mhxx_houkou": 896,
  "ui_bgm_mh02_mh4_eiyuunoakashi": 895,
  "ui_bgm_n01_dnm_title": 451,
  "ui_bgm_n02_dnm_yuke_kekerider": 449,
  "ui_bgm_n03_dnm_200am": 452,
  "ui_bgm_n05_oid_junkissa_hatonosu": 454,
  "ui_bgm_n06_oid_yakubatotanukichi": 453,
  "ui_bgm_n07_dnm_kk_urban": 463,
  "ui_bgm_n08_dnm_kk_western": 464,
  "ui_bgm_n09_dnm_kk_neworleans": 465,
  "ui_bgm_n10_dnm_kk_rocknroll": 466,
  "ui_bgm_n11_dnm_kk_eurobeat": 467,
  "ui_bgm_n12_dnm_kk_perunouta": 468,
  "ui_bgm_n13_tbd_kotobukiland_medley": 459,
  "ui_bgm_n14_tbd_kappeinouta": 457,
  "ui_bgm_n15_mhi_town_main": 455,
  "ui_bgm_n16_tbd_feild19ji_hare": 456,
  "ui_bgm_n17_tbd_tour": 458,
  "ui_bgm_n18_tbd_kekeidol": 460,
  "ui_bgm_n19_hhd_title": 461,
  "ui_bgm_n20_dnm_title": 450,
  "ui_bgm_n21_dmp_title": 448,
  "ui_bgm_n24_hhd_kanseidemo": 462,
  "ui_bgm_p01_pnk_meifukai": 412,
  "ui_bgm_p02_pnk_title": 410,
  "ui_bgm_p03_pnk_chijyoukai": 413,
  "ui_bgm_p04_pnk_genkyokumedley": 411,
  "ui_bgm_p05_shs_syokikabakudannokyoufu": 419,
  "ui_bgm_p06_shs_seizokusen": 417,
  "ui_bgm_p07_shs_bosssen1": 414,
  "ui_bgm_p09_shs_blackpitnotheme": 416,
  "ui_bgm_p11_shs_ginganoseiiki": 421,
  "ui_bgm_p12_shs_houkaiengeland": 422,
  "ui_bgm_p13_shs_magnanotheme": 415,
  "ui_bgm_p15_shs_hadesnotheme": 418,
  "ui_bgm_p16_shs_raiunnoteien": 420,
  "ui_bgm_q01_fc_famicommedley": 872,
  "ui_bgm_q02_rob_blockandgyro": 870,
  "ui_bgm_q04_drm_chill": 90,
  "ui_bgm_q05_clu_clucluland": 863,
  "ui_bgm_q06_bft_balloontrip": 861,
  "ui_bgm_q07_ice_iceclimber": 865,
  "ui_bgm_q08_oni_shinonigashima": 875,
  "ui_bgm_q09_3hr_title": 876,
  "ui_bgm_q10_trs_typea": 877,
  "ui_bgm_q11_trs_typeb": 878,
  "ui_bgm_q12_x_tunnelscene": 886,
  "ui_bgm_q13_wcr_powerup": 869,
  "ui_bgm_q14_nmj_douchu": 874,
  "ui_bgm_q15_bft_medley": 860,
  "ui_bgm_q16_bft_balloontrip": 862,
  "ui_bgm_q17_nmj_medley": 873,
  "ui_bgm_q18_po_running_countdown": 481,
  "ui_bgm_q19_dkh_title": 859,
  "ui_bgm_q20_wcr_gamestart": 867,
  "ui_bgm_q21_mpo_shiaityuu": 479,
  "ui_bgm_q22_pw_lightplane": 882,
  "ui_bgm_q23_pw_lightplane_ver2": 883,
  "ui_bgm_q24_wcr_bgma": 868,
  "ui_bgm_q26_pw_lightplane": 881,
  "ui_bgm_q27_pw_lightplane": 880,
  "ui_bgm_q28_dkh_medley": 858,
  "ui_bgm_q29_wcr_bgmb": 866,
  "ui_bgm_q30_yyk_medley": 879,
  "ui_bgm_r02_pictochat": 897,
  "ui_bgm_r03_electroplankton": 899,
  "ui_bgm_r04_gw_flatzone2": 409,
  "ui_bgm_r05_mtg_mariotennis_mariogolf": 77,
  "ui_bgm_r06_pdp_lipnotheme": 888,
  "ui_bgm_r07_mmg_marionationgear": 908,
  "ui_bgm_r08_yaj_title": 905,
  "ui_bgm_r09_1080_goldenforest": 892,
  "ui_bgm_r10_ngc_nigaoechannel": 912,
  "ui_bgm_r11_spc_wiishopingchannel": 909,
  "ui_bgm_r12_ont_sentou_boss": 893,
  "ui_bgm_r13_onv_shaberuoryourinavi": 907,
  "ui_bgm_r14_ext_excitetruck": 922,
  "ui_bgm_r15_nou_dstraning": 903,
  "ui_bgm_r17_hwi_ushidash": 913,
  "ui_bgm_r18_ntd_shower": 901,
  "ui_bgm_r19_ntd_shower_ver2": 902,
  "ui_bgm_r20_ngc_nigaoehiroba": 911,
  "ui_bgm_r21_wpo_minorcircuit": 480,
  "ui_bgm_r22_tdcs_tomodachicollection": 931,
  "ui_bgm_r23_xbd_gaurheigen": 486,
  "ui_bgm_r24_xbd_nawokansurumonotachi": 490,
  "ui_bgm_r25_xbd_kinoritsudou": 491,
  "ui_bgm_r26_scd2_sekaiwosukueyuushayo": 935,
  "ui_bgm_r27_scd2_yaminoou": 936,
  "ui_bgm_r28_wft_hoopdance": 470,
  "ui_bgm_r29_wftp_athleticmii": 476,
  "ui_bgm_r30_wftp_skebo_freemode": 474,
  "ui_bgm_r31_wsp_title": 915,
  "ui_bgm_r32_wsr_title": 917,
  "ui_bgm_r33_wsr_title_ver2": 918,
  "ui_bgm_r34_bt2_thevaledictoryelegy": 906,
  "ui_bgm_r35_hne_battleareaa_greecce": 924,
  "ui_bgm_r36_xbd_arrangemedley": 488,
  "ui_bgm_r37_hsz_boss1": 939,
  "ui_bgm_r38_iki_maintheme": 938,
  "ui_bgm_r39_pwr_hikouki": 884,
  "ui_bgm_r40_pwr_hangglider": 885,
  "ui_bgm_r41_cct_opening": 889,
  "ui_bgm_r42_nld_title": 946,
  "ui_bgm_r43_wgf_title": 942,
  "ui_bgm_r44_wft_rhythmboxing": 471,
  "ui_bgm_r45_wftp_segwaychallange_tyuukyuu": 475,
  "ui_bgm_r46_wftu_luge": 478,
  "ui_bgm_r47_wptu_theme_1": 949,
  "ui_bgm_r48_wsr_title": 916,
  "ui_bgm_r49_motto_menu": 904,
  "ui_bgm_r50_sbg_bosskyuumonsterbattle": 923,
  "ui_bgm_r51_cap_macnouta": 929,
  "ui_bgm_r52_bbdx_performance": 925,
  "ui_bgm_r53_po_splashscreen": 483,
  "ui_bgm_r54_po_worldcircuitfight": 482,
  "ui_bgm_r55_xbd_tekitonotaiji": 484,
  "ui_bgm_r56_xbd_sentou": 485,
  "ui_bgm_r57_xbd_gaurheigen_yoru": 487,
  "ui_bgm_r58_xbd_yukutewohabamumono": 489,
  "ui_bgm_r59_xrt_tunnelnormal": 887,
  "ui_bgm_r60_ont_worldmap": 894,
  "ui_bgm_r61_egk_swan_lesson": 932,
  "ui_bgm_r63_arg_dragonnotatakai": 933,
  "ui_bgm_r64_nld_title": 945,
  "ui_bgm_r65_wgf_fashonshow": 943,
  "ui_bgm_r66_rlw_move2": 940,
  "ui_bgm_r67_rmx_remix2_title": 950,
  "ui_bgm_r68_101_rolloutwonderful100": 947,
  "ui_bgm_r69_101_jerginghaplanetdestructionform": 948,
  "ui_bgm_r70_rtg_bluebirds": 926,
  "ui_bgm_r71_mrt_sarudokei": 927,
  "ui_bgm_r72_spc_wiishopingchannel": 910,
  "ui_bgm_r73_wftu_trainingmenu": 477,
  "ui_bgm_r74_wsc_maintitle": 919,
  "ui_bgm_r75_electroplankton": 898,
  "ui_bgm_r76_scd_seriesmedley": 934,
  "ui_bgm_r77_stm_hotspot2": 955,
  "ui_bgm_r78_ntd_shower": 900,
  "ui_bgm_r79_snp_w1stage": 959,
  "ui_bgm_r80_tdcs_tomodachicollection": 930,
  "ui_bgm_r81_wsp_openingtheme": 914,
  "ui_bgm_r82_wft_mainmenu": 469,
  "ui_bgm_r83_wft_fumidaidance": 472,
  "ui_bgm_r84_wft_yoga": 473,
  "ui_bgm_r85_rtb_fruitsbasket": 928,
  "ui_bgm_r87_wsc_tnstraining": 920,
  "ui_bgm_r88_wcs_bsbtraining": 921,
  "ui_bgm_r89_std_kibouwomuneni": 937,
  "ui_bgm_r90_btc_title_maintheme": 952,
  "ui_bgm_r91_btc_baitotheme": 953,
  "ui_bgm_r92_khm_battlekaishi": 951,
  "ui_bgm_r94_hpl_mapfirst": 954,
  "ui_bgm_r95_stm_sodename_fe": 357,
  "ui_bgm_r96_stm_lords_kaikou": 358,
  "ui_bgm_r97_stm_lords_kessen": 365,
  "ui_bgm_r98_ccr_revolt_kibouhenokekki": 890,
  "ui_bgm_r99_ccr_koutekishubattle": 891,
  "ui_bgm_rr02_mtp_eventsentou": 956,
  "ui_bgm_rr05_mtp_chomaousen_hontai": 957,
  "ui_bgm_rr06_ttp_garage": 958,
  "ui_bgm_rr07_eoa_fieldmain": 960,
  "ui_bgm_rr08_eoa_battle2later": 961,
  "ui_bgm_rr09_xbd2_sentou": 499,
  "ui_bgm_rr10_xbd2_soredemomaeesusume": 508,
  "ui_bgm_rr11_xbd2_yukutewohabamumonotachi": 502,
  "ui_bgm_rr12_gm4_ringdongdang": 944,
  "ui_bgm_rr13_dhb_kaitakuchinotatakai": 941,
  "ui_bgm_s01_rm2_medley": 574,
  "ui_bgm_s02_rm2_airman_stage": 576,
  "ui_bgm_s03_rm3_sparkman_stage": 584,
  "ui_bgm_s04_rm2_originalmedley": 593,
  "ui_bgm_s05_rm_cutman_stage": 569,
  "ui_bgm_s06_rm2_quickman_stage": 577,
  "ui_bgm_s07_rm3_shadowman_stage": 585,
  "ui_bgm_s08_rm_originalmedley": 592,
  "ui_bgm_s09_rm3_originalmedley": 594,
  "ui_bgm_s10_rm4_6_originalmedley": 595,
  "ui_bgm_s11_rm2_woodmanstage": 580,
  "ui_bgm_s12_rm5_darkmanstage": 589,
  "ui_bgm_s13_rm3_topmanstage": 582,
  "ui_bgm_s14_rm_icemanstage": 571,
  "ui_bgm_s15_rm_bombmanstage": 572,
  "ui_bgm_s16_rm_firemanstage": 573,
  "ui_bgm_s17_rm2_metalmanstage": 575,
  "ui_bgm_s18_rm2_crashmanstage": 578,
  "ui_bgm_s19_rm4_medley": 586,
  "ui_bgm_s20_rm5_gravitymanstage": 587,
  "ui_bgm_s21_rm5_napalmmanstage": 588,
  "ui_bgm_s22_rm9_weretherobots_wilystage2": 591,
  "ui_bgm_s23_rmx_openingstage": 596,
  "ui_bgm_s24_rm_gutsmanstage": 570,
  "ui_bgm_s25_rm3_hardmanstage": 581,
  "ui_bgm_s26_rm9_flashinthedark_wilystage1": 590,
  "ui_bgm_s27_rmx5_xvszero": 597,
  "ui_bgm_s28_rrz_themeofzero_fromx": 598,
  "ui_bgm_s29_rrm_shootingstar": 599,
  "ui_bgm_s30_rm3_snakemanstage": 583,
  "ui_bgm_s31_rm2_flashmanstage": 579,
  "ui_bgm_seq_item_goldenhammer": -1,
  "ui_bgm_seq_item_hammer": -1,
  "ui_bgm_seq_item_superstar": -1,
  "ui_bgm_sf01a_sf2_ryu": 616,
  "ui_bgm_sf01b_sf2_ryu_pinch": -1,
  "ui_bgm_sf02a_sf2_ryu_2": 633,
  "ui_bgm_sf02b_sf2_ryu_2_pinch": -1,
  "ui_bgm_sf03a_sf2_ken": 617,
  "ui_bgm_sf03b_sf2_ken_pinch": -1,
  "ui_bgm_sf04a_sf2_ken_2": 634,
  "ui_bgm_sf04b_sf2_ken_2_pinch": -1,
  "ui_bgm_sf05_sf2_ryustage": 611,
  "ui_bgm_sf06_sf2_kenstage": 612,
  "ui_bgm_sf07_sf2_guilestage": 613,
  "ui_bgm_sf08_sf2_balrogstage": 614,
  "ui_bgm_sf09a_sf2_blanka": 620,
  "ui_bgm_sf09b_sf2_blanka_pinch": -1,
  "ui_bgm_sf10a_sf2_blanka_2": 637,
  "ui_bgm_sf10b_sf2_blanka_2_pinch": -1,
  "ui_bgm_sf11a_sf2_guile": 622,
  "ui_bgm_sf11b_sf2_guile_pinch": -1,
  "ui_bgm_sf12a_sf2_guile_2": 639,
  "ui_bgm_sf12b_sf2_guile_2_pinch": -1,
  "ui_bgm_sf13a_sf2_chunli": 619,
  "ui_bgm_sf13b_sf2_chunli_pinch": -1,
  "ui_bgm_sf14a_sf2_chunli_2": 636,
  "ui_bgm_sf14b_sf2_chunli_2_pinch": -1,
  "ui_bgm_sf15a_sf2_ehonda": 618,
  "ui_bgm_sf15b_sf2_ehonda_pinch": -1,
  "ui_bgm_sf16a_sf2_ehonda_2": 635,
  "ui_bgm_sf16b_sf2_ehonda_2_pinch": -1,
  "ui_bgm_sf17a_sf2_zangief": 621,
  "ui_bgm_sf17b_sf2_zangief_pinch": -1,
  "ui_bgm_sf18a_sf2_zangief_2": 638,
  "ui_bgm_sf18b_sf2_zangief_2_pinch": -1,
  "ui_bgm_sf19a_sf2_dhalsim": 623,
  "ui_bgm_sf19b_sf2_dhalsim_pinch": -1,
  "ui_bgm_sf20a_sf2_dhalsim_2": 640,
  "ui_bgm_sf20b_sf2_dhalsim_2_pinch": -1,
  "ui_bgm_sf21a_sf2_mbison": 624,
  "ui_bgm_sf21b_sf2_mbison_pinch": -1,
  "ui_bgm_sf22a_sf2_mbison_2": 641,
  "ui_bgm_sf22b_sf2_mbison_2_pinch": -1,
  "ui_bgm_sf23a_sf2_balrog": 625,
  "ui_bgm_sf23b_sf2_balrog_pinch": -1,
  "ui_bgm_sf24a_sf2_balrog_2": 642,
  "ui_bgm_sf24b_sf2_balrog_2_pinch": -1,
  "ui_bgm_sf25a_sf2_sagat": 626,
  "ui_bgm_sf25b_sf2_sagat_pinch": -1,
  "ui_bgm_sf26a_sf2_sagat_2": 643,
  "ui_bgm_sf26b_sf2_sagat_2_pinch": -1,
  "ui_bgm_sf27a_sf2_vega": 627,
  "ui_bgm_sf27b_sf2_vega_pinch": -1,
  "ui_bgm_sf28a_sf2_vega_2": 644,
  "ui_bgm_sf28b_sf2_vega_2_pinch": -1,
  "ui_bgm_sf29a_sf2_deejay": 630,
  "ui_bgm_sf29b_sf2_deejay_pinch": -1,
  "ui_bgm_sf30a_sf2_deejay_2": 647,
  "ui_bgm_sf30b_sf2_deejay_2_pinch": -1,
  "ui_bgm_sf31a_sf2_thawk": 628,
  "ui_bgm_sf31b_sf2_thawk_pinch": -1,
  "ui_bgm_sf32a_sf2_thawk_2": 645,
  "ui_bgm_sf32b_sf2_thawk_2_pinch": -1,
  "ui_bgm_sf33a_sf2_feilong": 629,
  "ui_bgm_sf33b_sf2_feilong_pinch": -1,
  "ui_bgm_sf34a_sf2_feilong_2": 646,
  "ui_bgm_sf34b_sf2_feilong_2_pinch": -1,
  "ui_bgm_sf35a_sf2_cammy": 631,
  "ui_bgm_sf35b_sf2_cammy_pinch": -1,
  "ui_bgm_sf36a_sf2_cammy_2": 648,
  "ui_bgm_sf36b_sf2_cammy_2_pinch": -1,
  "ui_bgm_sf37a_sf2_playerselect": 615,
  "ui_bgm_sf37b_sf2_playerselect": 632,
  "ui_bgm_sp01_sp_splattack": 512,
  "ui_bgm_sp02_sp_inkorsink": 513,
  "ui_bgm_sp04_sp_krakenup": 515,
  "ui_bgm_sp05_sp_metalopod": 516,
  "ui_bgm_sp06_sp_nowornever": 519,
  "ui_bgm_sp06a_sp_nowornever_short": -1,
  "ui_bgm_sp07_sp_kimiironisomete": 521,
  "ui_bgm_sp08_sp_imanuraneba": 522,
  "ui_bgm_sp08a_sp_imanuraneba_short": -1,
  "ui_bgm_sp09_sp_shiokarabushi": 526,
  "ui_bgm_sp10_sp_quickstart": 517,
  "ui_bgm_sp11_sp_octoweaponry": 524,
  "ui_bgm_sp12_sp_iamoctavio": 525,
  "ui_bgm_sp14_sp_nowornever": 518,
  "ui_bgm_sp15_sp_tokimekibombrush": 527,
  "ui_bgm_sp16_sp_seaskape": 514,
  "ui_bgm_sp17_sp_splattack": 511,
  "ui_bgm_sp18_sp2_inkoming": 528,
  "ui_bgm_sp19_sp2_ripentry": 529,
  "ui_bgm_sp20_sp2_undertow": 530,
  "ui_bgm_sp21_sp2_dontslip": 531,
  "ui_bgm_sp22_sp2_endolphinsurge": 532,
  "ui_bgm_sp23_sp2_fullthrottle_tentacle": 533,
  "ui_bgm_sp24_sp2_ripplerefrain": 534,
  "ui_bgm_sp25_sp2_redhotegoist": 535,
  "ui_bgm_sp26_sp2_gougou": 536,
  "ui_bgm_sp27_sp2_nowornever": 520,
  "ui_bgm_sp27a_sp2_nowornever_short": -1,
  "ui_bgm_sp28_sp2_imanuraneba": 523,
  "ui_bgm_sp28a_sp2_imanuraneba_short": -1,
  "ui_bgm_t01_sb_staffroll": 1025,
  "ui_bgm_t06_spr_kongojungle": 119,
  "ui_bgm_t07_sb_staffroll": 1026,
  "ui_bgm_t08_sb_yoshiisland": 213,
  "ui_bgm_t09_sdx_pupupuland": 234,
  "ui_bgm_t10_smb_peachjyoujoku": 6,
  "ui_bgm_t11_zld_hyrulejiyou": 141,
  "ui_bgm_t13_mr_wakuseizebes": 185,
  "ui_bgm_t14_sfx64_sectorz": 265,
  "ui_bgm_t15_pm_yamabukicity": 280,
  "ui_bgm_t17_sb_howtoplay": 997,
  "ui_bgm_t18_sb_menu": 1000,
  "ui_bgm_t19_sb_trainingmode": 1032,
  "ui_bgm_t21_sb_characterselect": 1007,
  "ui_bgm_t22_sb_metacristal": 1030,
  "ui_bgm_t23_sb_bonusgame": 1029,
  "ui_bgm_t24_sb_duelzone": 1031,
  "ui_bgm_t25_sb_shuuten": 1014,
  "ui_bgm_t25a_sb_shuuten_introcut": -1,
  "ui_bgm_t27_sb_ending_staffroll": 1024,
  "ui_bgm_u01_snc_greenhillzone": 548,
  "ui_bgm_u02_snc_scrapbrainzone": 549,
  "ui_bgm_u03_snc2_emeraldhillzone": 550,
  "ui_bgm_u04_snc3_angelislandzone": 552,
  "ui_bgm_u06_snccd_sonicboom": 551,
  "ui_bgm_u07_sncr_supersonicracing": 554,
  "ui_bgm_u08_sadv_openyourheart": 555,
  "ui_bgm_u09_sadv2_liveandlearn": 556,
  "ui_bgm_u10_shrs_sonicheroes": 558,
  "ui_bgm_u12_snc06_hisworld_instrumental": 559,
  "ui_bgm_u13_srng_sevenringsinhand": 560,
  "ui_bgm_u14_sadv2_escapefromthecity": 557,
  "ui_bgm_u15_sblk_knightofthewind": 561,
  "ui_bgm_u16_sclr_reachforthestars": 562,
  "ui_bgm_u17_sgen_rooftoprun": 563,
  "ui_bgm_u18_slst_wonderworld": 564,
  "ui_bgm_u19_slst_windyhill_zone1": 565,
  "ui_bgm_u20_smn_studiopolis_act1": 566,
  "ui_bgm_u21_sfo_fistbump": 567,
  "ui_bgm_u22_sfo_sunsetheight": 568,
  "ui_bgm_v01_pac_pacman": 600,
  "ui_bgm_v02_pac_pacman_clubmix": 601,
  "ui_bgm_v03_mna_pacmanspark_blocktown": 602,
  "ui_bgm_v04_lbl_libblelabble_medley": 605,
  "ui_bgm_v05_mcr_metrocross_medley": 606,
  "ui_bgm_v06_nmc_80smedley1": 609,
  "ui_bgm_v07_nmc_80smedley2": 610,
  "ui_bgm_v08_skd_skykid_medley": 607,
  "ui_bgm_v11_glg_medley": 603,
  "ui_bgm_v12_mpy_medley": 604,
  "ui_bgm_v13_dsp_area1": 608,
  "ui_bgm_w01_smb_peachjyou": 7,
  "ui_bgm_w02_sm64_rainbowcruise": 33,
  "ui_bgm_w03_spr_junglegarden": 120,
  "ui_bgm_w04_mr_brinstarshinbu": 189,
  "ui_bgm_w05_wld_yostertou": 209,
  "ui_bgm_w06_sdx_yumenoizumi": 235,
  "ui_bgm_w07_kby_greengreens": 223,
  "ui_bgm_w08_sfx_cornelia": 264,
  "ui_bgm_w09_pm_pokemonstadium": 281,
  "ui_bgm_w10_pm_pokemonakuukan": 286,
  "ui_bgm_w11_fzr_bigblue": 321,
  "ui_bgm_w12_mtr_onet": 345,
  "ui_bgm_w13_ice_iciclemountain": 864,
  "ui_bgm_w14_gw_flatzone": 408,
  "ui_bgm_w15_smb3_supermario3": 19,
  "ui_bgm_w16_kg_pekemonstadiumkingin": 287,
  "ui_bgm_w17_fem_fireemblem": 359,
  "ui_bgm_w18_mrd_machrider": 871,
  "ui_bgm_w19_mtr_pollyanna": 341,
  "ui_bgm_w20_drm_drmario": 89,
  "ui_bgm_w21_sbdx_senjyou": 1009,
  "ui_bgm_w23_sbdx_hyakuninkumite": 1021,
  "ui_bgm_w24_lnk_shinden": 147,
  "ui_bgm_w25_sbdx_shuuten": 1015,
  "ui_bgm_w26_dk64_monkyrap": 133,
  "ui_bgm_w27_mr_brinstar": 186,
  "ui_bgm_w28_sfx_wakuseivenom": 266,
  "ui_bgm_w29_fzr_mutecity": 316,
  "ui_bgm_w30_sbdx_menu": 1001,
  "ui_bgm_w31_sbdx_gigakoopa": 1016,
  "ui_bgm_w32_mtr2_fourside": 349,
  "ui_bgm_w33_sbdx_menu2": 1003,
  "ui_bgm_w34_sbdx_menu": 1002,
  "ui_bgm_w35_sbdx_menu_ver2": 1010,
  "ui_bgm_w36_zld_greatbay": 142,
  "ui_bgm_w37_str_yoshistory": 214,
  "ui_bgm_w39_sbdx_hyakuninkumite2": 1022,
  "ui_bgm_w40_sbdx_metalbattle": 1034,
  "ui_bgm_w41_sbdx_figuremeikan": 1035,
  "ui_bgm_w42_sbdx_rest": 1038,
  "ui_bgm_w43_sbdx_opening": 994,
  "ui_bgm_w44_sbdx_targetwokowase": 1033,
  "ui_bgm_w45_sbdx_tornament1": 1036,
  "ui_bgm_w46_sbdx_tornament2": 1037,
  "ui_bgm_w48_sbdx_asobikata": 998,
  "ui_bgm_w49_sbdx_opening": 995,
  "ui_bgm_x01_sbx_maintheme": 996,
  "ui_bgm_x02_sbx_menu1": 1005,
  "ui_bgm_x04_sbx_senjyou": 1011,
  "ui_bgm_x05_sbx_shuuten": 1017,
  "ui_bgm_x07_sbx_onlinerenshuustage": 1055,
  "ui_bgm_x09_sbx_tornament_entry": 1051,
  "ui_bgm_x10_sbx_tornament_table": 1052,
  "ui_bgm_x11_sbx_tornament_finish": 1053,
  "ui_bgm_x15_sbx_rest": 1054,
  "ui_bgm_x16_sbx_homeruncontest": 1046,
  "ui_bgm_x17_sbx_nasakemuyoukumite": 1023,
  "ui_bgm_x18_sbx_bossbattle": 1004,
  "ui_bgm_x19_sbx_figuremeikan": 1047,
  "ui_bgm_x20_sealmeikan": 1048,
  "ui_bgm_x21_coinshooter": 1049,
  "ui_bgm_x23_stageedit": 1050,
  "ui_bgm_x25_sbx_senjyou_ver2": 1012,
  "ui_bgm_x26_sbx_targetwokowase": 1039,
  "ui_bgm_x27_sbx_staffroll": 1027,
  "ui_bgm_y01_sbx_adv_map": 1040,
  "ui_bgm_y02_sbx_step_heichi": 1041,
  "ui_bgm_y04_sbx_step_akuukan": 1042,
  "ui_bgm_y05_sbx_bosssentoukyoku1": 1044,
  "ui_bgm_y07_sbx_bosssentoukyoku2": 1045,
  "ui_bgm_y15_sbx_step_akuukan_ver3": 1043,
  "ui_bgm_z00_f_miifighter": -1,
  "ui_bgm_z01_f_mario": -1,
  "ui_bgm_z02_f_donkey": -1,
  "ui_bgm_z03_f_link": -1,
  "ui_bgm_z04_f_samus": -1,
  "ui_bgm_z05_f_yoshi": -1,
  "ui_bgm_z06_f_kirby": -1,
  "ui_bgm_z07_f_fox": -1,
  "ui_bgm_z08_f_pikachu": -1,
  "ui_bgm_z09_f_luigi": -1,
  "ui_bgm_z10_f_captain": -1,
  "ui_bgm_z11_f_ness": -1,
  "ui_bgm_z12_f_koopa": -1,
  "ui_bgm_z13_f_peach": -1,
  "ui_bgm_z14_f_zelda": -1,
  "ui_bgm_z15_f_sheik": -1,
  "ui_bgm_z16_f_iceclimber": -1,
  "ui_bgm_z17_f_marth": -1,
  "ui_bgm_z18_f_gamewatch": -1,
  "ui_bgm_z19_f_falco": -1,
  "ui_bgm_z20_f_ganon": -1,
  "ui_bgm_z21_f_wario": -1,
  "ui_bgm_z22_f_metaknight": -1,
  "ui_bgm_z23_f_pit": -1,
  "ui_bgm_z24_f_zerosamus": -1,
  "ui_bgm_z25_f_pikmin": -1,
  "ui_bgm_z27_f_diddy": -1,
  "ui_bgm_z28_f_ptrainer": -1,
  "ui_bgm_z32_f_dedede": -1,
  "ui_bgm_z33_f_lucario": -1,
  "ui_bgm_z34_f_ike": -1,
  "ui_bgm_z35_f_robot": -1,
  "ui_bgm_z37_f_purin": -1,
  "ui_bgm_z41_f_toonlink": -1,
  "ui_bgm_z46_f_snake": -1,
  "ui_bgm_z47_f_sonic": -1,
  "ui_bgm_z54_j_figureget": -1,
  "ui_bgm_z55_j_rarefigure": -1,
  "ui_bgm_z57_j_youso01": -1,
  "ui_bgm_z58_j_youso02": -1,
  "ui_bgm_z59_f_lizardon": -1,
  "ui_bgm_z60_f_mariod": -1,
  "ui_bgm_z61_f_lucina": -1,
  "ui_bgm_z62_f_pitb": -1,
  "ui_bgm_z63_f_rosetta": -1,
  "ui_bgm_z64_f_wiifit": -1,
  "ui_bgm_z65_f_littlemac": -1,
  "ui_bgm_z66_f_murabito": -1,
  "ui_bgm_z67_f_palutena": -1,
  "ui_bgm_z68_f_reflet": -1,
  "ui_bgm_z69_f_duckhunt": -1,
  "ui_bgm_z70_f_koopajr": -1,
  "ui_bgm_z71_f_shulk": -1,
  "ui_bgm_z72_f_gekkouga": -1,
  "ui_bgm_z73_f_pacman": -1,
  "ui_bgm_z74_f_rockman": -1,
  "ui_bgm_z80_f_mewtwo": -1,
  "ui_bgm_z81_f_ryu": -1,
  "ui_bgm_z82_f_lucas": -1,
  "ui_bgm_z83_f_roy": -1,
  "ui_bgm_z84_j_orekyoku_smm_chijyou_link": -1,
  "ui_bgm_z85_f_cloud": -1,
  "ui_bgm_z86_f_bayonetta": -1,
  "ui_bgm_z87_f_kamui": -1,
  "ui_bgm_z88_f_pichu": -1,
  "ui_bgm_z89_f_younglink": -1,
  "ui_bgm_z90_f_shizue": -1,
  "ui_bgm_z91_f_gaogaen": -1,
  "ui_bgm_z93_f_inkling": -1,
  "ui_bgm_z94_f_ridley": -1,
  "ui_bgm_z95_f_krool": -1,
  "ui_bgm_z96_f_simon": -1,
  "ui_bgm_z92_f_packun": -1,
  "ui_bgm_ps01_p3_mass_destruction": 713,
  "ui_bgm_ps02_p3_subetenohitono_tamashiinotatakai": 714,
  "ui_bgm_ps03_p4_reachout_to_thetruth": 710,
  "ui_bgm_ps04_p4_illface_myself": 711,
  "ui_bgm_ps05_p4_timeto_makehistory": 712,
  "ui_bgm_ps06_p5_wakeup_getup_getoutthere": 707,
  "ui_bgm_ps07_p5_lastsurprise": 705,
  "ui_bgm_ps08_p5_riversin_thedesert": 708,
  "ui_bgm_ps09_p5_ourbeginning": 709,
  "ui_bgm_ps10_p5_subetenohitono_tamashiinouta": 715,
  "ui_bgm_ps11_p5_beneath_themask": 706,
  "ui_bgm_z97a_f_jack_p5": -1,
  "ui_bgm_z97b_f_jack_p4": -1,
  "ui_bgm_z97c_f_jack_p3": -1,
  "ui_bgm_crs2_08a_vs_victory_main": -1,
  "ui_bgm_dq01_dq11_hirumanuyuuki": 723,
  "ui_bgm_dq02_dq11_yuushahayuku": 722,
  "ui_bgm_dq03_dq3_sentounotheme": 717,
  "ui_bgm_dq04_dq3_boukennotabi": 716,
  "ui_bgm_dq05_dq4_sentou": 718,
  "ui_bgm_dq06_dq4_bashanomarch": 719,
  "ui_bgm_dq07_dq8_otakebiwoagete": 720,
  "ui_bgm_dq08_dq8_daiheigennomarch": 721,
  "ui_bgm_z98_f_brave": -1,
  "ui_bgm_bk01_bk_kurukuruyamanofumoto": 725,
  "ui_bgm_bk02_bk_title": 724,
  "ui_bgm_bk03_bk_mumbomountain": 726,
  "ui_bgm_bk04_bk_otakarazakuzakubeach": 727,
  "ui_bgm_bk05_bk_frozunzunyama": 728,
  "ui_bgm_bk06_bk_gobivalleysabaku": 729,
  "ui_bgm_bk07_bk_madnightmansion": 730,
  "ui_bgm_bk08_bk2_vsklungo": 731,
  "ui_bgm_bk09_bk2_vsmrpatch": 732,
  "ui_bgm_bk10_bk2_vswoofakfakdaiou": 733,
  "ui_bgm_z99_f_buddy": -1,
  "ui_bgm_rr14_ut_megalovania": 962,
  "ui_bgm_gd01_gd2_kurikinton": 737,
  "ui_bgm_gd02_gd2_kurikinton": 736,
  "ui_bgm_gd03_gd_halemakyocapoereha_tatakainouta": 734,
  "ui_bgm_gd04_gd_umihashitteiru": 735,
  "ui_bgm_gd05_gd2_pasta": 739,
  "ui_bgm_gd06_gd2_thainanbunitsutaetai_atarashiiuta": 740,
  "ui_bgm_gd07_gd2_takuntokitap": 741,
  "ui_bgm_gd08_gd2_seoulniikou": 742,
  "ui_bgm_gd09_gd2_londonmarch": 743,
  "ui_bgm_gd10_gd2_hatarakutougyushi": 744,
  "ui_bgm_gd11_gdsp_duckdubdub": 745,
  "ui_bgm_gd12_gdsp_geesenishouyu": 746,
  "ui_bgm_gd13_gdsp_ryukonoken_ver230000000": 775,
  "ui_bgm_gd14_gd3_bigshot": 748,
  "ui_bgm_gd16_gdwa_11thstreet": 749,
  "ui_bgm_gd17_kof94_ne": 751,
  "ui_bgm_gd18_kof96_arashinosaxophone": 754,
  "ui_bgm_gd20_kof99_ww3": 756,
  "ui_bgm_gd21_kof99_176thstreet": 750,
  "ui_bgm_gd22_kof00_terry115": 757,
  "ui_bgm_gd23_kofxi_streetdancer": 758,
  "ui_bgm_gd24_kof02um_esaka": 753,
  "ui_bgm_gd25_kof02um_desertrequiem": 752,
  "ui_bgm_gd26_kof02um_kd0079plus": 755,
  "ui_bgm_gd27_kof02um_undercover": 760,
  "ui_bgm_gd28_kof02um_cuttingedge": 761,
  "ui_bgm_gd29_kofxiii_thesecondjoker": 762,
  "ui_bgm_gd30_kofxiii_esakacontinues": 763,
  "ui_bgm_gd31_kofxiii_wildstreet": 764,
  "ui_bgm_gd32_kofxiii_tameabadboy": 765,
  "ui_bgm_gd33_kofxiii_kdd0063": 766,
  "ui_bgm_gd34_kofxiv_yappariesaka": 767,
  "ui_bgm_gd35_kofxiv_departure_from_southtown": 768,
  "ui_bgm_gd36_kofiv_geesenishouyu_xivver": 747,
  "ui_bgm_gd37_kofxiv_ikari_xivver": 770,
  "ui_bgm_gd38_kofxiv_neworder_xivver": 759,
  "ui_bgm_gd39_aso_themeofsyd": 769,
  "ui_bgm_gd40_atn_morinosekai": 771,
  "ui_bgm_gd41_psy_psychosoldiertheme_jp": 772,
  "ui_bgm_gd42_psy_psychosoldiertheme_en": 773,
  "ui_bgm_gd43_ryk_artoffight": 774,
  "ui_bgm_gd44_ssp_maguro": 776,
  "ui_bgm_gd45_ssp_shizennoutage": 777,
  "ui_bgm_gd46_ssp_daichi": 778,
  "ui_bgm_gd47_kofxiv_kurikintonfu": 738,
  "ui_bgm_gd48_mts1_maintheme": 779,
  "ui_bgm_gd49_mts1_3_assaulttheme": 780,
  "ui_bgm_gd50_mts2_judgment": 782,
  "ui_bgm_gd51_mts3_soukainokiba": 783,
  "ui_bgm_gd52_mts5_finalattack": 781,
  "ui_bgm_zz01_f_dolly": -1,
  "ui_bgm_j41a_fsg_maintheme_jp": 397,
  "ui_bgm_j41b_fsg_maintheme_en": 398,
  "ui_bgm_j42_fsg_fodlanogyoufu": 399,
  "ui_bgm_j43a_fsg_hraesvelgrnoshoujo_fuukasetsugetsu": 406,
  "ui_bgm_j43b_fsg_theedgeofdawn_seasonsofwarfare": 407,
  "ui_bgm_j44_fsg_tensakuryuusei": 401,
  "ui_bgm_j45_fsg_yabounochihei": 402,
  "ui_bgm_j46_fsg_jujishitachinosoukyuu": 400,
  "ui_bgm_j47_fsg_tentochinokyoukai": 403,
  "ui_bgm_j48_fsg_konosekainoitadakide": 405,
  "ui_bgm_j49_fsg_majiwaranumichi": 404,
  "ui_bgm_zz02_f_master": -1,
  "ui_bgm_rr15_chd_floralfury_rekkanogotoku": 963,
  "ui_bgm_am01_am_armsgrandprixtheme": 784,
  "ui_bgm_am02_am_ramenbowl_springstadium": 786,
  "ui_bgm_am03_am_springstadium": 785,
  "ui_bgm_am04_am_ribbonring": 787,
  "ui_bgm_am05_am_ninjacollege": 788,
  "ui_bgm_am06_am_mausoleum": 789,
  "ui_bgm_am07_am_scrapyard": 790,
  "ui_bgm_am08_am_cinemadeux": 791,
  "ui_bgm_am09_am_busterbeach": 792,
  "ui_bgm_am10_am_snakepark": 793,
  "ui_bgm_am11_am_dnalab": 794,
  "ui_bgm_am12_am_viadolce": 796,
  "ui_bgm_am13_am_templegrounds": 797,
  "ui_bgm_am14_am_sparringring": 798,
  "ui_bgm_am15_am_nameredacted": 799,
  "ui_bgm_am16_am_skyarena": 795,
  "ui_bgm_am17_am_hedlok_battletheme": 800,
  "ui_bgm_am18_am_hedlok_lastbattle": 801,
  "ui_bgm_zz03_f_tantan": -1,
  "ui_bgm_mc01_mc_glide": 807,
  "ui_bgm_mc02_mc_toysonatear": 805,
  "ui_bgm_mc03_mce_earth": 803,
  "ui_bgm_mc04_mcd_halland_dalarna": 802,
  "ui_bgm_mc05_mcd_thearchillager": 808,
  "ui_bgm_mc06_mc_clockworkcrafter": 804,
  "ui_bgm_mc07_mc_danceoftheblocks": 806,
  "ui_bgm_zz04_f_pickel": -1,
  "ui_bgm_ff03_ff7_opening_bakuhamission": 649,
  "ui_bgm_ff04_ff7_maintheme": 655,
  "ui_bgm_ff05_ff7_jenova": 656,
  "ui_bgm_ff06_ff7_hoshifurukyokoku": 657,
  "ui_bgm_ff07_ff7_aerithnotheme": 654,
  "ui_bgm_ff08_ff7_katayokunotenshi": 658,
  "ui_bgm_ff09_ff7ac_tatakaumonotachi_ac": 651,
  "ui_bgm_ff10_ff7ac_saranitatakaumonotachi_ac": 653,
  "ui_bgm_ff11_ff7ac_sairin_katayokunotenshi": 659,
  "ui_bgm_zz05_f_edge": -1,
  "ui_bgm_rr16_xbd2_arrangemedley": 492,
  "ui_bgm_rr17_xbd2_tigertiger": 500,
  "ui_bgm_rr18_xbd2_counterattack": 503,
  "ui_bgm_rr19_xbd2_avaritiashoukai": 493,
  "ui_bgm_rr20_xbd2_arashinosenjyou": 494,
  "ui_bgm_rr21_xbd2_exploration": 495,
  "ui_bgm_rr22_xbd2_majiwarutsurugi": 496,
  "ui_bgm_rr23_xbd2_incoming": 497,
  "ui_bgm_rr24_xbd2_gularyou": 498,
  "ui_bgm_rr26_xbd2_shitou_ira": 501,
  "ui_bgm_rr28_xbd2_saraninawokansurumonotachi": 504,
  "ui_bgm_rr29_xbd2_driver_vs": 505,
  "ui_bgm_rr31_xbd2_superbiateikoku": 506,
  "ui_bgm_rr32_xbd2_raigou_ultimate": 507,
  "ui_bgm_rr33_xbd2_marveni": 509,
  "ui_bgm_rr34_xbd2_sentou_ira": 510,
  "ui_bgm_zz06_f_element": -1,
  "ui_bgm_tk01_tk1_marinestadium_japan": 809,
  "ui_bgm_tk02_tk1_chicago_usa": 810,
  "ui_bgm_tk03_tk1_kyoto_japan": 811,
  "ui_bgm_tk04_tk2_heihachi_mishima_thekingof_ironfist": 812,
  "ui_bgm_tk05_tk2_kazuya_mishima_devil_kazuya": 813,
  "ui_bgm_tk06_tk2_emotionless_passion": 815,
  "ui_bgm_tk07_tk3_attractembu_characterselect": 816,
  "ui_bgm_tk08_tk3_hwoarang": 817,
  "ui_bgm_tk09_tk3_jin_kazama": 818,
  "ui_bgm_tk10_tk3_heihachi_mishima": 819,
  "ui_bgm_tk11_tt1_opening_movie": 820,
  "ui_bgm_tk12_tt1_jin_stage": 821,
  "ui_bgm_tk13_tk4_kitsch": 822,
  "ui_bgm_tk14_tk4_bitcrusher": 823,
  "ui_bgm_tk15_tk5_redhotfist": 824,
  "ui_bgm_tk16_tk5_moonlit_wilderness": 825,
  "ui_bgm_tk17_tk5_poolside": 826,
  "ui_bgm_tk18_tk5dr_snowcastle": 827,
  "ui_bgm_tk19_tk5dr_into_nirvana": 828,
  "ui_bgm_tk20_tk5dr_resurrection": 829,
  "ui_bgm_tk21_tk6_ethno_evening": 830,
  "ui_bgm_tk22_tk6_yuki": 831,
  "ui_bgm_tk23_tk6_only_one_fight": 832,
  "ui_bgm_tk24_tk6_dist_thins_out": 833,
  "ui_bgm_tk25_tk6br_karma": 834,
  "ui_bgm_tk26_tk6br_arisa": 835,
  "ui_bgm_tk27_tk6br_yodeling_in_meadowhill": 836,
  "ui_bgm_tk28_tt2_abyss_of_time": 837,
  "ui_bgm_tk29_tt2_plucking_tulips": 838,
  "ui_bgm_tk30_tt2_landscape_under_the_ghost_kaminano": 839,
  "ui_bgm_tk31_tkrv_new_world_order": 840,
  "ui_bgm_tk32_tkrv_no_easy_way_out": 841,
  "ui_bgm_tk33_tk7_heat_haze_shadow": 842,
  "ui_bgm_tk34_tk7_dojo": 843,
  "ui_bgm_tk35_tk7_duomo_di_sirio": 844,
  "ui_bgm_tk36_tk7_moonsiders": 845,
  "ui_bgm_tk37_tk7_desperate_struggle": 846,
  "ui_bgm_tk38_tk7_aloneness": 847,
  "ui_bgm_tk39_tk2_kazuya_mishima_devil_kazuya": 814,
  "ui_bgm_zz07_f_demon": -1,
  "ui_bgm_rr35_shgh_burningtown": 964,
  "ui_bgm_kh01_kh15_nightoffate": 848,
  "ui_bgm_kh02_kh15_destinysforce": 849,
  "ui_bgm_kh03_kh15_shroudingdarkcloud": 850,
  "ui_bgm_kh04_kh15_handinhand": 851,
  "ui_bgm_kh05_kh15_blastaway_gummiship2": 852,
  "ui_bgm_kh06_kh15_hollowbastion": 853,
  "ui_bgm_kh07_kh15_scherzodinotte": 854,
  "ui_bgm_kh08_kh25_fragmentsofsorrow": 855,
  "ui_bgm_kh09_kh1_destati": 856,
  "ui_bgm_zz08_f_trail": -1,
  "ui_bgm_kh10_khmm_dearlybeloved": 857,
  "ui_bgm_bgm_hdr_abyssal_ruins": 298,
  "ui_bgm_bgm_hdr_team_skull_megamix": 314,
  "ui_bgm_bgm_hdr_cloudrunner_fortress": 279,
  "ui_bgm_bgm_hdr_versus_julius": 372,
  "ui_bgm_bgm_hdr_doomsday_zone": 553,
  "ui_bgm_bgm_hdr_w_hole_equation": 1073,
  "ui_bgm_bgm_hdr_projectnx_theme": 1074
}