{
  "id": "10542037-313e-4e93-9ba2-098bc4c372ce",
  "version": 5,
  "series": [
    {
      "ui_series_id": "ui_series_pokemon",
      "name_id": "pokemon",
      "disp_order": 8,
      "disp_order_sound": 10,
      "save_no": 7,
      "0x1c38302364": true,
      "is_dlc": false,
      "is_patch": false,
      "dlc_chara_id": "",
      "is_use_amiibo_bg": true,
      "msbt_title": {
        "eu_de": "Pokémon",
        "eu_en": "Pokémon",
        "eu_es": "Pokémon",
        "eu_fr": "Pokémon",
        "eu_it": "Pokémon",
        "eu_nl": "Pokémon",
        "eu_ru": "Pokémon",
        "jp_ja": "ポケットモンスター",
        "kr_ko": "포켓몬스터",
        "us_en": "Pokémon",
        "us_es": "Pokémon",
        "us_fr": "Pokémon",
        "zh_cn": "精灵宝可梦",
        "zh_tw": "精靈寶可夢"
      },
      "games": [
        {
          "ui_gametitle_id": "ui_gametitle_pokemon_black_white",
          "name_id": "pokemon_black_white",
          "ui_series_id": "ui_series_pokemon",
          "0x1c38302364": false,
          "release": 5,
          "msbt_title": {
            "eu_de": "Pokémon Schwarze Edition und Pokémon Weiße Edition",
            "eu_en": "Pokémon Black & Pokémon White",
            "eu_es": "Pokémon Negro y Pokémon Blanco",
            "eu_fr": "Pokémon Versions Noire et Blanche",
            "eu_it": "Pokémon Nero e Pokémon Bianco",
            "eu_nl": "Pokémon Black en Pokémon White",
            "eu_ru": "Pokémon Black и Pokémon White",
            "jp_ja": "ポケットモンスターブラック・ホワイト",
            "kr_ko": "포켓몬스터 블랙・화이트",
            "us_en": "Pokémon Black & Pokémon White",
            "us_es": "Pokémon Black y Pokémon White",
            "us_fr": "Pokémon Black et Pokémon White",
            "zh_cn": "精灵宝可梦 黑/白",
            "zh_tw": "精靈寶可夢 黑/白"
          },
          "bgms": [
            {
              "tone_id": "bgm_hdr_abyssal_ruins",
              "filename": "bgm_hdr_abyssal_ruins.nus3audio",
              "nus3bank_config": {
                "volume": 2.7
              },
              "bgm_properties": {
                "name_id": "bgm_hdr_abyssal_ruins",
                "loop_start_ms": 21333,
                "loop_start_sample": 1023984,
                "loop_end_ms": 258665,
                "loop_end_sample": 12415967,
                "total_time_ms": 262093,
                "total_samples": 12580506
              },
              "db_root": {
                "ui_bgm_id": "ui_bgm_bgm_hdr_abyssal_ruins",
                "stream_set_id": "set_bgm_hdr_abyssal_ruins",
                "rarity": "bgm_rarity_0",
                "record_type": "record_new_arrange",
                "ui_gametitle_id": "ui_gametitle_pokemon_black_white",
                "ui_gametitle_id_1": "ui_gametitle_none",
                "ui_gametitle_id_2": "ui_gametitle_none",
                "ui_gametitle_id_3": "ui_gametitle_none",
                "ui_gametitle_id_4": "ui_gametitle_none",
                "name_id": null,
                "save_no": 0,
                "test_disp_order": 0,
                "menu_value": 0,
                "jp_region": true,
                "other_region": true,
                "possessed": true,
                "prize_lottery": false,
                "shop_price": 0,
                "count_target": true,
                "menu_loop": 1,
                "is_selectable_stage_make": true,
                "is_selectable_movie_edit": true,
                "is_selectable_original": true,
                "is_dlc": false,
                "is_patch": false,
                "dlc_ui_chara_id": null,
                "dlc_mii_hat_motif_id": null,
                "dlc_mii_body_motif_id": null,
                "msbt_title": {
                  "eu_de": "Abyssal Ruins",
                  "eu_en": "Abyssal Ruins",
                  "eu_es": "Abyssal Ruins",
                  "eu_fr": "Abyssal Ruins",
                  "eu_it": "Abyssal Ruins",
                  "eu_nl": "Abyssal Ruins",
                  "eu_ru": "Abyssal Ruins",
                  "jp_ja": "Abyssal Ruins",
                  "kr_ko": "Abyssal Ruins",
                  "us_en": "Abyssal Ruins",
                  "us_es": "Abyssal Ruins",
                  "us_fr": "Abyssal Ruins",
                  "zh_cn": "Abyssal Ruins",
                  "zh_tw": "Abyssal Ruins"
                },
                "msbt_copyright": {
                  "eu_de": "HDR Dev Team",
                  "eu_en": "HDR Dev Team",
                  "eu_es": "HDR Dev Team",
                  "eu_fr": "HDR Dev Team",
                  "eu_it": "HDR Dev Team",
                  "eu_nl": "HDR Dev Team",
                  "eu_ru": "HDR Dev Team",
                  "jp_ja": "HDR Dev Team",
                  "kr_ko": "HDR Dev Team",
                  "us_en": "",
                  "us_es": "HDR Dev Team",
                  "us_fr": "HDR Dev Team",
                  "zh_cn": "HDR Dev Team",
                  "zh_tw": "HDR Dev Team"
                },
                "msbt_author": {
                  "eu_de": "Remix: Tempxa",
                  "eu_en": "Remix: Tempxa",
                  "eu_es": "Remix: Tempxa",
                  "eu_fr": "Remix: Tempxa",
                  "eu_it": "Remix: Tempxa",
                  "eu_nl": "Remix: Tempxa",
                  "eu_ru": "Remix: Tempxa",
                  "jp_ja": "Remix: Tempxa",
                  "kr_ko": "Remix: Tempxa",
                  "us_en": "Remix: Tempxa",
                  "us_es": "Remix: Tempxa",
                  "us_fr": "Remix: Tempxa",
                  "zh_cn": "Remix: Tempxa",
                  "zh_tw": "Remix: Tempxa"
                },
                "0x0e6b57e593": false
              },
              "assigned_info": {
                "info_id": "info_bgm_hdr_abyssal_ruins",
                "stream_id": "stream_bgm_hdr_abyssal_ruins",
                "condition": "sound_condition_none",
                "condition_process": "0x1b9fe75d3f",
                "start_frame": 0,
                "change_fadein_frame": 0,
                "change_start_delay_frame": 0,
                "change_fadeout_frame": 55,
                "change_stop_delay_frame": 0,
                "menu_change_fadein_frame": 0,
                "menu_change_start_delay_frame": 0,
                "menu_change_fadeout_frame": 55,
                "menu_change_stop_delay_frame": 0
              },
              "stream_set": {
                "stream_set_id": "set_bgm_hdr_abyssal_ruins",
                "special_category": null,
                "info0": "info_bgm_hdr_abyssal_ruins",
                "info1": null,
                "info2": null,
                "info3": null,
                "info4": null,
                "info5": null,
                "info6": null,
                "info7": null,
                "info8": null,
                "info9": null,
                "info10": null,
                "info11": null,
                "info12": null,
                "info13": null,
                "info14": null,
                "info15": null
              },
              "stream_property": {
                "stream_id": "stream_bgm_hdr_abyssal_ruins",
                "data_name0": "bgm_hdr_abyssal_ruins",
                "data_name1": null,
                "data_name2": null,
                "data_name3": null,
                "data_name4": null,
                "loop": 1,
                "end_point": "00:00:00.000",
                "fadeout_frame": 400,
                "start_point_suddendeath": null,
                "start_point_transition": "00:00:00.000",
                "start_point0": null,
                "start_point1": null,
                "start_point2": null,
                "start_point3": null,
                "start_point4": null
              }
            }
          ]
        },
        {
          "ui_gametitle_id": "ui_gametitle_pokemon_sun_moon",
          "name_id": "pokemon_sun_moon",
          "ui_series_id": "ui_series_pokemon",
          "0x1c38302364": false,
          "release": 9,
          "msbt_title": {
            "eu_de": "Pokémon Sonne und Pokémon Mond",
            "eu_en": "Pokémon Sun & Pokémon Moon",
            "eu_es": "Pokémon Sol y Pokémon Luna",
            "eu_fr": "Pokémon Soleil et Pokémon Lune",
            "eu_it": "Pokémon Sole e Pokémon Luna",
            "eu_nl": "Pokémon Sun en Pokémon Moon",
            "eu_ru": "Pokémon Sun и Pokémon Moon",
            "jp_ja": "ポケットモンスター サン・ムーン",
            "kr_ko": "포켓몬스터썬・문",
            "us_en": "Pokémon Sun & Pokémon Moon",
            "us_es": "Pokémon Sun y Pokémon Moon",
            "us_fr": "Pokémon Sun et Pokémon Moon",
            "zh_cn": "精灵宝可梦 太阳/月亮",
            "zh_tw": "精靈寶可夢 太陽/月亮"
          },
          "bgms": [
            {
              "tone_id": "bgm_hdr_team_skull_megamix",
              "filename": "bgm_hdr_team_skull_megamix.nus3audio",
              "nus3bank_config": {
                "volume": 2.7
              },
              "bgm_properties": {
                "name_id": "bgm_hdr_team_skull_megamix",
                "loop_start_ms": 2909,
                "loop_start_sample": 139636,
                "loop_end_ms": 101818,
                "loop_end_sample": 4887271,
                "total_time_ms": 101818,
                "total_samples": 4887273
              },
              "db_root": {
                "ui_bgm_id": "ui_bgm_bgm_hdr_team_skull_megamix",
                "stream_set_id": "set_bgm_hdr_team_skull_megamix",
                "rarity": "bgm_rarity_0",
                "record_type": "record_new_arrange",
                "ui_gametitle_id": "ui_gametitle_pokemon_sun_moon",
                "ui_gametitle_id_1": "ui_gametitle_none",
                "ui_gametitle_id_2": "ui_gametitle_none",
                "ui_gametitle_id_3": "ui_gametitle_none",
                "ui_gametitle_id_4": "ui_gametitle_none",
                "name_id": null,
                "save_no": 0,
                "test_disp_order": 0,
                "menu_value": 0,
                "jp_region": true,
                "other_region": true,
                "possessed": true,
                "prize_lottery": false,
                "shop_price": 0,
                "count_target": true,
                "menu_loop": 1,
                "is_selectable_stage_make": true,
                "is_selectable_movie_edit": true,
                "is_selectable_original": true,
                "is_dlc": false,
                "is_patch": false,
                "dlc_ui_chara_id": null,
                "dlc_mii_hat_motif_id": null,
                "dlc_mii_body_motif_id": null,
                "msbt_title": {
                  "eu_de": "Team Skull Megamix",
                  "eu_en": "Team Skull Megamix",
                  "eu_es": "Team Skull Megamix",
                  "eu_fr": "Team Skull Megamix",
                  "eu_it": "Team Skull Megamix",
                  "eu_nl": "Team Skull Megamix",
                  "eu_ru": "Team Skull Megamix",
                  "jp_ja": "Team Skull Megamix",
                  "kr_ko": "Team Skull Megamix",
                  "us_en": "Battle! Team Skull Mix ",
                  "us_es": "Team Skull Megamix",
                  "us_fr": "Team Skull Megamix",
                  "zh_cn": "Team Skull Megamix",
                  "zh_tw": "Team Skull Megamix"
                },
                "msbt_copyright": {
                  "eu_de": "",
                  "eu_en": "",
                  "eu_es": "",
                  "eu_fr": "",
                  "eu_it": "",
                  "eu_nl": "",
                  "eu_ru": "",
                  "jp_ja": "",
                  "kr_ko": "",
                  "us_en": "",
                  "us_es": "",
                  "us_fr": "",
                  "zh_cn": "",
                  "zh_tw": ""
                },
                "msbt_author": {
                  "eu_de": "Remix: Tempxa",
                  "eu_en": "Remix: Tempxa",
                  "eu_es": "Remix: Tempxa",
                  "eu_fr": "Remix: Tempxa",
                  "eu_it": "Remix: Tempxa",
                  "eu_nl": "Remix: Tempxa",
                  "eu_ru": "Remix: Tempxa",
                  "jp_ja": "Remix: Tempxa",
                  "kr_ko": "Remix: Tempxa",
                  "us_en": "Remix: Tempxa",
                  "us_es": "Remix: Tempxa",
                  "us_fr": "Remix: Tempxa",
                  "zh_cn": "Remix: Tempxa",
                  "zh_tw": "Remix: Tempxa"
                },
                "0x0e6b57e593": false
              },
              "assigned_info": {
                "info_id": "info_bgm_hdr_team_skull_megamix",
                "stream_id": "stream_bgm_hdr_team_skull_megamix",
                "condition": "sound_condition_none",
                "condition_process": "0x1b9fe75d3f",
                "start_frame": 0,
                "change_fadein_frame": 0,
                "change_start_delay_frame": 0,
                "change_fadeout_frame": 55,
                "change_stop_delay_frame": 0,
                "menu_change_fadein_frame": 0,
                "menu_change_start_delay_frame": 0,
                "menu_change_fadeout_frame": 55,
                "menu_change_stop_delay_frame": 0
              },
              "stream_set": {
                "stream_set_id": "set_bgm_hdr_team_skull_megamix",
                "special_category": null,
                "info0": "info_bgm_hdr_team_skull_megamix",
                "info1": null,
                "info2": null,
                "info3": null,
                "info4": null,
                "info5": null,
                "info6": null,
                "info7": null,
                "info8": null,
                "info9": null,
                "info10": null,
                "info11": null,
                "info12": null,
                "info13": null,
                "info14": null,
                "info15": null
              },
              "stream_property": {
                "stream_id": "stream_bgm_hdr_team_skull_megamix",
                "data_name0": "bgm_hdr_team_skull_megamix",
                "data_name1": null,
                "data_name2": null,
                "data_name3": null,
                "data_name4": null,
                "loop": 1,
                "end_point": "00:00:00.000",
                "fadeout_frame": 400,
                "start_point_suddendeath": null,
                "start_point_transition": "00:00:00.000",
                "start_point0": null,
                "start_point1": null,
                "start_point2": null,
                "start_point3": null,
                "start_point4": null
              }
            }
          ]
        }
      ]
    },
    {
      "ui_series_id": "ui_series_starfox",
      "name_id": "starfox",
      "disp_order": 7,
      "disp_order_sound": 9,
      "save_no": 2,
      "0x1c38302364": true,
      "is_dlc": false,
      "is_patch": false,
      "dlc_chara_id": "",
      "is_use_amiibo_bg": true,
      "msbt_title": {
        "eu_de": "Star Fox",
        "eu_en": "Star Fox",
        "eu_es": "Star Fox",
        "eu_fr": "Star Fox",
        "eu_it": "Star Fox",
        "eu_nl": "Star Fox",
        "eu_ru": "Star Fox",
        "jp_ja": "スターフォックス",
        "kr_ko": "스타폭스",
        "us_en": "Star Fox",
        "us_es": "Star Fox",
        "us_fr": "Star Fox",
        "zh_cn": "星际火狐",
        "zh_tw": "星際火狐"
      },
      "games": [
        {
          "ui_gametitle_id": "ui_gametitle_star_fox_adventures",
          "name_id": "star_fox_adventures",
          "ui_series_id": "ui_series_starfox",
          "0x1c38302364": false,
          "release": 0,
          "msbt_title": {
            "eu_de": "Star Fox Adventures",
            "eu_en": "Star Fox Adventures",
            "eu_es": "Star Fox Adventures",
            "eu_fr": "Star Fox Adventures",
            "eu_it": "Star Fox Adventures",
            "eu_nl": "Star Fox Adventures",
            "eu_ru": "Star Fox Adventures",
            "jp_ja": "Star Fox Adventures",
            "kr_ko": "Star Fox Adventures",
            "us_en": "Star Fox Adventures",
            "us_es": "Star Fox Adventures",
            "us_fr": "Star Fox Adventures",
            "zh_cn": "Star Fox Adventures",
            "zh_tw": "Star Fox Adventures"
          },
          "bgms": [
            {
              "tone_id": "bgm_hdr_cloudrunner_fortress",
              "filename": "bgm_hdr_cloudrunner_fortress.nus3audio",
              "nus3bank_config": {
                "volume": 2.7
              },
              "bgm_properties": {
                "name_id": "bgm_hdr_cloudrunner_fortress",
                "loop_start_ms": 5052,
                "loop_start_sample": 242496,
                "loop_end_ms": 116210,
                "loop_end_sample": 5578104,
                "total_time_ms": 116210,
                "total_samples": 5578105
              },
              "db_root": {
                "ui_bgm_id": "ui_bgm_bgm_hdr_cloudrunner_fortress",
                "stream_set_id": "set_bgm_hdr_cloudrunner_fortress",
                "rarity": "bgm_rarity_0",
                "record_type": "record_new_arrange",
                "ui_gametitle_id": "ui_gametitle_star_fox_adventures",
                "ui_gametitle_id_1": "ui_gametitle_none",
                "ui_gametitle_id_2": "ui_gametitle_none",
                "ui_gametitle_id_3": "ui_gametitle_none",
                "ui_gametitle_id_4": "ui_gametitle_none",
                "name_id": null,
                "save_no": 0,
                "test_disp_order": 0,
                "menu_value": 0,
                "jp_region": true,
                "other_region": true,
                "possessed": true,
                "prize_lottery": false,
                "shop_price": 0,
                "count_target": true,
                "menu_loop": 1,
                "is_selectable_stage_make": true,
                "is_selectable_movie_edit": true,
                "is_selectable_original": true,
                "is_dlc": false,
                "is_patch": false,
                "dlc_ui_chara_id": null,
                "dlc_mii_hat_motif_id": null,
                "dlc_mii_body_motif_id": null,
                "msbt_title": {
                  "eu_de": "Storming Cloudrunner Fortress",
                  "eu_en": "Storming Cloudrunner Fortress",
                  "eu_es": "Storming Cloudrunner Fortress",
                  "eu_fr": "Storming Cloudrunner Fortress",
                  "eu_it": "Storming Cloudrunner Fortress",
                  "eu_nl": "Storming Cloudrunner Fortress",
                  "eu_ru": "Storming Cloudrunner Fortress",
                  "jp_ja": "Storming Cloudrunner Fortress",
                  "kr_ko": "Storming Cloudrunner Fortress",
                  "us_en": "Storming Cloudrunner Fortress",
                  "us_es": "Storming Cloudrunner Fortress",
                  "us_fr": "Storming Cloudrunner Fortress",
                  "zh_cn": "Storming Cloudrunner Fortress",
                  "zh_tw": "Storming Cloudrunner Fortress"
                },
                "msbt_copyright": {
                  "eu_de": "",
                  "eu_en": "",
                  "eu_es": "",
                  "eu_fr": "",
                  "eu_it": "",
                  "eu_nl": "",
                  "eu_ru": "",
                  "jp_ja": "",
                  "kr_ko": "",
                  "us_en": "",
                  "us_es": "",
                  "us_fr": "",
                  "zh_cn": "",
                  "zh_tw": ""
                },
                "msbt_author": {
                  "eu_de": "Remix: Tempxa",
                  "eu_en": "Remix: Tempxa",
                  "eu_es": "Remix: Tempxa",
                  "eu_fr": "Remix: Tempxa",
                  "eu_it": "Remix: Tempxa",
                  "eu_nl": "Remix: Tempxa",
                  "eu_ru": "Remix: Tempxa",
                  "jp_ja": "Remix: Tempxa",
                  "kr_ko": "Remix: Tempxa",
                  "us_en": "Remix: Tempxa",
                  "us_es": "Remix: Tempxa",
                  "us_fr": "Remix: Tempxa",
                  "zh_cn": "Remix: Tempxa",
                  "zh_tw": "Remix: Tempxa"
                },
                "0x0e6b57e593": false
              },
              "assigned_info": {
                "info_id": "info_bgm_hdr_cloudrunner_fortress",
                "stream_id": "stream_bgm_hdr_cloudrunner_fortress",
                "condition": "sound_condition_none",
                "condition_process": "0x1b9fe75d3f",
                "start_frame": 0,
                "change_fadein_frame": 0,
                "change_start_delay_frame": 0,
                "change_fadeout_frame": 55,
                "change_stop_delay_frame": 0,
                "menu_change_fadein_frame": 0,
                "menu_change_start_delay_frame": 0,
                "menu_change_fadeout_frame": 55,
                "menu_change_stop_delay_frame": 0
              },
              "stream_set": {
                "stream_set_id": "set_bgm_hdr_cloudrunner_fortress",
                "special_category": null,
                "info0": "info_bgm_hdr_cloudrunner_fortress",
                "info1": null,
                "info2": null,
                "info3": null,
                "info4": null,
                "info5": null,
                "info6": null,
                "info7": null,
                "info8": null,
                "info9": null,
                "info10": null,
                "info11": null,
                "info12": null,
                "info13": null,
                "info14": null,
                "info15": null
              },
              "stream_property": {
                "stream_id": "stream_bgm_hdr_cloudrunner_fortress",
                "data_name0": "bgm_hdr_cloudrunner_fortress",
                "data_name1": null,
                "data_name2": null,
                "data_name3": null,
                "data_name4": null,
                "loop": 1,
                "end_point": "00:00:00.000",
                "fadeout_frame": 400,
                "start_point_suddendeath": null,
                "start_point_transition": "00:00:00.000",
                "start_point0": null,
                "start_point1": null,
                "start_point2": null,
                "start_point3": null,
                "start_point4": null
              }
            }
          ]
        }
      ]
    },
    {
      "ui_series_id": "ui_series_fireemblem",
      "name_id": "fireemblem",
      "disp_order": 12,
      "disp_order_sound": 13,
      "save_no": 11,
      "0x1c38302364": true,
      "is_dlc": false,
      "is_patch": false,
      "dlc_chara_id": "",
      "is_use_amiibo_bg": true,
      "msbt_title": {
        "eu_de": "Fire Emblem",
        "eu_en": "Fire Emblem",
        "eu_es": "Fire Emblem",
        "eu_fr": "Fire Emblem",
        "eu_it": "Fire Emblem",
        "eu_nl": "Fire Emblem",
        "eu_ru": "Fire Emblem",
        "jp_ja": "ファイアーエムブレム",
        "kr_ko": "파이어 엠블렘",
        "us_en": "Fire Emblem",
        "us_es": "Fire Emblem",
        "us_fr": "Fire Emblem",
        "zh_cn": "Fire Emblem",
        "zh_tw": "Fire Emblem"
      },
      "games": [
        {
          "ui_gametitle_id": "ui_gametitle_fire_emblem_holy_war",
          "name_id": "fire_emblem_holy_war",
          "ui_series_id": "ui_series_fireemblem",
          "0x1c38302364": false,
          "release": 6,
          "msbt_title": {
            "eu_de": "Fire Emblem: Genealogy of the Holy War",
            "eu_en": "Fire Emblem: Genealogy of the Holy War",
            "eu_es": "Fire Emblem: Genealogy of the Holy War",
            "eu_fr": "Fire Emblem: Genealogy of the Holy War",
            "eu_it": "Fire Emblem: Genealogy of the Holy War",
            "eu_nl": "Fire Emblem: Genealogy of the Holy War",
            "eu_ru": "Fire Emblem: Genealogy of the Holy War",
            "jp_ja": "ファイアーエムブレム 聖戦の系譜",
            "kr_ko": "Fire Emblem: Genealogy of the Holy War",
            "us_en": "Fire Emblem: Genealogy of the Holy War",
            "us_es": "Fire Emblem: Genealogy of the Holy War",
            "us_fr": "Fire Emblem: Genealogy of the Holy War",
            "zh_cn": "Fire Emblem: Genealogy of the Holy War",
            "zh_tw": "Fire Emblem: Genealogy of the Holy War"
          },
          "bgms": [
            {
              "tone_id": "bgm_hdr_versus_julius",
              "filename": "bgm_hdr_versus_julius.nus3audio",
              "nus3bank_config": {
                "volume": 2.7
              },
              "bgm_properties": {
                "name_id": "bgm_hdr_versus_julius",
                "loop_start_ms": 0,
                "loop_start_sample": 0,
                "loop_end_ms": 113805,
                "loop_end_sample": 5462687,
                "total_time_ms": 118806,
                "total_samples": 5702710
              },
              "db_root": {
                "ui_bgm_id": "ui_bgm_bgm_hdr_versus_julius",
                "stream_set_id": "set_bgm_hdr_versus_julius",
                "rarity": "bgm_rarity_0",
                "record_type": "record_new_arrange",
                "ui_gametitle_id": "ui_gametitle_fire_emblem_holy_war",
                "ui_gametitle_id_1": "ui_gametitle_none",
                "ui_gametitle_id_2": "ui_gametitle_none",
                "ui_gametitle_id_3": "ui_gametitle_none",
                "ui_gametitle_id_4": "ui_gametitle_none",
                "name_id": null,
                "save_no": 0,
                "test_disp_order": 0,
                "menu_value": 0,
                "jp_region": true,
                "other_region": true,
                "possessed": true,
                "prize_lottery": false,
                "shop_price": 0,
                "count_target": true,
                "menu_loop": 1,
                "is_selectable_stage_make": true,
                "is_selectable_movie_edit": true,
                "is_selectable_original": true,
                "is_dlc": false,
                "is_patch": false,
                "dlc_ui_chara_id": null,
                "dlc_mii_hat_motif_id": null,
                "dlc_mii_body_motif_id": null,
                "msbt_title": {
                  "eu_de": "Versus Julius",
                  "eu_en": "Versus Julius",
                  "eu_es": "Versus Julius",
                  "eu_fr": "Versus Julius",
                  "eu_it": "Versus Julius",
                  "eu_nl": "Versus Julius",
                  "eu_ru": "Versus Julius",
                  "jp_ja": "Versus Julius",
                  "kr_ko": "Versus Julius",
                  "us_en": "Versus Julius",
                  "us_es": "Versus Julius",
                  "us_fr": "Versus Julius",
                  "zh_cn": "Versus Julius",
                  "zh_tw": "Versus Julius"
                },
                "msbt_copyright": {
                  "eu_de": "",
                  "eu_en": "",
                  "eu_es": "",
                  "eu_fr": "",
                  "eu_it": "",
                  "eu_nl": "",
                  "eu_ru": "",
                  "jp_ja": "",
                  "kr_ko": "",
                  "us_en": "",
                  "us_es": "",
                  "us_fr": "",
                  "zh_cn": "",
                  "zh_tw": ""
                },
                "msbt_author": {
                  "eu_de": "Remix: Tempxa",
                  "eu_en": "Remix: Tempxa",
                  "eu_es": "Remix: Tempxa",
                  "eu_fr": "Remix: Tempxa",
                  "eu_it": "Remix: Tempxa",
                  "eu_nl": "Remix: Tempxa",
                  "eu_ru": "Remix: Tempxa",
                  "jp_ja": "Remix: Tempxa",
                  "kr_ko": "Remix: Tempxa",
                  "us_en": "Remix: Tempxa",
                  "us_es": "Remix: Tempxa",
                  "us_fr": "Remix: Tempxa",
                  "zh_cn": "Remix: Tempxa",
                  "zh_tw": "Remix: Tempxa"
                },
                "0x0e6b57e593": false
              },
              "assigned_info": {
                "info_id": "info_bgm_hdr_versus_julius",
                "stream_id": "stream_bgm_hdr_versus_julius",
                "condition": "sound_condition_none",
                "condition_process": "0x1b9fe75d3f",
                "start_frame": 0,
                "change_fadein_frame": 0,
                "change_start_delay_frame": 0,
                "change_fadeout_frame": 55,
                "change_stop_delay_frame": 0,
                "menu_change_fadein_frame": 0,
                "menu_change_start_delay_frame": 0,
                "menu_change_fadeout_frame": 55,
                "menu_change_stop_delay_frame": 0
              },
              "stream_set": {
                "stream_set_id": "set_bgm_hdr_versus_julius",
                "special_category": null,
                "info0": "info_bgm_hdr_versus_julius",
                "info1": null,
                "info2": null,
                "info3": null,
                "info4": null,
                "info5": null,
                "info6": null,
                "info7": null,
                "info8": null,
                "info9": null,
                "info10": null,
                "info11": null,
                "info12": null,
                "info13": null,
                "info14": null,
                "info15": null
              },
              "stream_property": {
                "stream_id": "stream_bgm_hdr_versus_julius",
                "data_name0": "bgm_hdr_versus_julius",
                "data_name1": null,
                "data_name2": null,
                "data_name3": null,
                "data_name4": null,
                "loop": 1,
                "end_point": "00:00:00.000",
                "fadeout_frame": 400,
                "start_point_suddendeath": null,
                "start_point_transition": "00:00:00.000",
                "start_point0": null,
                "start_point1": null,
                "start_point2": null,
                "start_point3": null,
                "start_point4": null
              }
            }
          ]
        }
      ]
    },
    {
      "ui_series_id": "ui_series_sonic",
      "name_id": "sonic",
      "disp_order": 17,
      "disp_order_sound": 24,
      "save_no": 17,
      "0x1c38302364": true,
      "is_dlc": false,
      "is_patch": false,
      "dlc_chara_id": "",
      "is_use_amiibo_bg": true,
      "msbt_title": {
        "eu_de": "Sonic",
        "eu_en": "Sonic",
        "eu_es": "Sonic",
        "eu_fr": "Sonic",
        "eu_it": "Sonic",
        "eu_nl": "Sonic",
        "eu_ru": "Sonic",
        "jp_ja": "ソニック",
        "kr_ko": "소닉",
        "us_en": "Sonic",
        "us_es": "Sonic",
        "us_fr": "Sonic",
        "zh_cn": "Sonic",
        "zh_tw": "Sonic"
      },
      "games": [
        {
          "ui_gametitle_id": "ui_gametitle_sonic_the_hedgehog3",
          "name_id": "sonic_the_hedgehog3",
          "ui_series_id": "ui_series_sonic",
          "0x1c38302364": false,
          "release": 4,
          "msbt_title": {
            "eu_de": "Sonic The Hedgehog 3",
            "eu_en": "Sonic The Hedgehog 3",
            "eu_es": "Sonic The Hedgehog 3",
            "eu_fr": "Sonic The Hedgehog 3",
            "eu_it": "Sonic The Hedgehog 3",
            "eu_nl": "Sonic The Hedgehog 3",
            "eu_ru": "Sonic The Hedgehog 3",
            "jp_ja": "ソニック・ザ・ヘッジホッグ3",
            "kr_ko": "소닉 더 헤지혹 3",
            "us_en": "Sonic The Hedgehog 3",
            "us_es": "Sonic The Hedgehog 3",
            "us_fr": "Sonic The Hedgehog 3",
            "zh_cn": "Sonic The Hedgehog 3",
            "zh_tw": "Sonic The Hedgehog 3"
          },
          "bgms": [
            {
              "tone_id": "bgm_hdr_doomsday_zone",
              "filename": "bgm_hdr_doomsday_zone.nus3audio",
              "nus3bank_config": {
                "volume": 2.7
              },
              "bgm_properties": {
                "name_id": "bgm_hdr_doomsday_zone",
                "loop_start_ms": 12800,
                "loop_start_sample": 614400,
                "loop_end_ms": 118399,
                "loop_end_sample": 5683199,
                "total_time_ms": 121432,
                "total_samples": 5828773
              },
              "db_root": {
                "ui_bgm_id": "ui_bgm_bgm_hdr_doomsday_zone",
                "stream_set_id": "set_bgm_hdr_doomsday_zone",
                "rarity": "bgm_rarity_0",
                "record_type": "record_new_arrange",
                "ui_gametitle_id": "ui_gametitle_sonic_the_hedgehog3",
                "ui_gametitle_id_1": "ui_gametitle_none",
                "ui_gametitle_id_2": "ui_gametitle_none",
                "ui_gametitle_id_3": "ui_gametitle_none",
                "ui_gametitle_id_4": "ui_gametitle_none",
                "name_id": null,
                "save_no": 0,
                "test_disp_order": 0,
                "menu_value": 0,
                "jp_region": true,
                "other_region": true,
                "possessed": true,
                "prize_lottery": false,
                "shop_price": 0,
                "count_target": true,
                "menu_loop": 1,
                "is_selectable_stage_make": true,
                "is_selectable_movie_edit": true,
                "is_selectable_original": true,
                "is_dlc": false,
                "is_patch": false,
                "dlc_ui_chara_id": null,
                "dlc_mii_hat_motif_id": null,
                "dlc_mii_body_motif_id": null,
                "msbt_title": {
                  "eu_de": "Doomsday Zone",
                  "eu_en": "Doomsday Zone",
                  "eu_es": "Doomsday Zone",
                  "eu_fr": "Doomsday Zone",
                  "eu_it": "Doomsday Zone",
                  "eu_nl": "Doomsday Zone",
                  "eu_ru": "Doomsday Zone",
                  "jp_ja": "Doomsday Zone",
                  "kr_ko": "Doomsday Zone",
                  "us_en": "Doomsday Zone",
                  "us_es": "Doomsday Zone",
                  "us_fr": "Doomsday Zone",
                  "zh_cn": "Doomsday Zone",
                  "zh_tw": "Doomsday Zone"
                },
                "msbt_copyright": {
                  "eu_de": "",
                  "eu_en": "",
                  "eu_es": "",
                  "eu_fr": "",
                  "eu_it": "",
                  "eu_nl": "",
                  "eu_ru": "",
                  "jp_ja": "",
                  "kr_ko": "",
                  "us_en": "",
                  "us_es": "",
                  "us_fr": "",
                  "zh_cn": "",
                  "zh_tw": ""
                },
                "msbt_author": {
                  "eu_de": "Remix: Tempxa",
                  "eu_en": "Remix: Tempxa",
                  "eu_es": "Remix: Tempxa",
                  "eu_fr": "Remix: Tempxa",
                  "eu_it": "Remix: Tempxa",
                  "eu_nl": "Remix: Tempxa",
                  "eu_ru": "Remix: Tempxa",
                  "jp_ja": "Remix: Tempxa",
                  "kr_ko": "Remix: Tempxa",
                  "us_en": "Remix: Tempxa",
                  "us_es": "Remix: Tempxa",
                  "us_fr": "Remix: Tempxa",
                  "zh_cn": "Remix: Tempxa",
                  "zh_tw": "Remix: Tempxa"
                },
                "0x0e6b57e593": false
              },
              "assigned_info": {
                "info_id": "info_bgm_hdr_doomsday_zone",
                "stream_id": "stream_bgm_hdr_doomsday_zone",
                "condition": "sound_condition_none",
                "condition_process": "0x1b9fe75d3f",
                "start_frame": 0,
                "change_fadein_frame": 0,
                "change_start_delay_frame": 0,
                "change_fadeout_frame": 55,
                "change_stop_delay_frame": 0,
                "menu_change_fadein_frame": 0,
                "menu_change_start_delay_frame": 0,
                "menu_change_fadeout_frame": 55,
                "menu_change_stop_delay_frame": 0
              },
              "stream_set": {
                "stream_set_id": "set_bgm_hdr_doomsday_zone",
                "special_category": null,
                "info0": "info_bgm_hdr_doomsday_zone",
                "info1": null,
                "info2": null,
                "info3": null,
                "info4": null,
                "info5": null,
                "info6": null,
                "info7": null,
                "info8": null,
                "info9": null,
                "info10": null,
                "info11": null,
                "info12": null,
                "info13": null,
                "info14": null,
                "info15": null
              },
              "stream_property": {
                "stream_id": "stream_bgm_hdr_doomsday_zone",
                "data_name0": "bgm_hdr_doomsday_zone",
                "data_name1": null,
                "data_name2": null,
                "data_name3": null,
                "data_name4": null,
                "loop": 1,
                "end_point": "00:00:00.000",
                "fadeout_frame": 400,
                "start_point_suddendeath": null,
                "start_point_transition": "00:00:00.000",
                "start_point0": null,
                "start_point1": null,
                "start_point2": null,
                "start_point3": null,
                "start_point4": null
              }
            }
          ]
        }
      ]
    },
    {
      "ui_series_id": "ui_series_smashbros",
      "name_id": "smashbros",
      "disp_order": 98,
      "disp_order_sound": 1,
      "save_no": 0,
      "0x1c38302364": true,
      "is_dlc": false,
      "is_patch": false,
      "dlc_chara_id": "",
      "is_use_amiibo_bg": true,
      "msbt_title": {
        "eu_de": "Super Smash Bros.",
        "eu_en": "Super Smash Bros.",
        "eu_es": "Super Smash Bros.",
        "eu_fr": "Super Smash Bros.",
        "eu_it": "Super Smash Bros.",
        "eu_nl": "Super Smash Bros.",
        "eu_ru": "Super Smash Bros.",
        "jp_ja": "スマブラ",
        "kr_ko": "스매시브라더스",
        "us_en": "Super Smash Bros.",
        "us_es": "Super Smash Bros.",
        "us_fr": "Super Smash Bros.",
        "zh_cn": "大乱斗",
        "zh_tw": "大亂鬥"
      },
      "games": [
        {
          "ui_gametitle_id": "ui_gametitle_hewdraw_remix",
          "name_id": "hewdraw_remix",
          "ui_series_id": "ui_series_smashbros",
          "0x1c38302364": false,
          "release": 0,
          "msbt_title": {
            "eu_de": "HewDraw Remix",
            "eu_en": "HewDraw Remix",
            "eu_es": "HewDraw Remix",
            "eu_fr": "HewDraw Remix",
            "eu_it": "HewDraw Remix",
            "eu_nl": "HewDraw Remix",
            "eu_ru": "HewDraw Remix",
            "jp_ja": "HewDraw Remix",
            "kr_ko": "HewDraw Remix",
            "us_en": "HewDraw Remix",
            "us_es": "HewDraw Remix",
            "us_fr": "HewDraw Remix",
            "zh_cn": "HewDraw Remix",
            "zh_tw": "HewDraw Remix"
          },
          "bgms": [
            {
              "tone_id": "bgm_hdr_w_hole_equation",
              "filename": "bgm_hdr_w_hole_equation.nus3audio",
              "nus3bank_config": {
                "volume": 2.7
              },
              "bgm_properties": {
                "name_id": "bgm_hdr_w_hole_equation",
                "loop_start_ms": 11215,
                "loop_start_sample": 538339,
                "loop_end_ms": 107249,
                "loop_end_sample": 5147999,
                "total_time_ms": 109251,
                "total_samples": 5244077
              },
              "db_root": {
                "ui_bgm_id": "ui_bgm_bgm_hdr_w_hole_equation",
                "stream_set_id": "set_bgm_hdr_w_hole_equation",
                "rarity": "bgm_rarity_0",
                "record_type": "record_original",
                "ui_gametitle_id": "ui_gametitle_hewdraw_remix",
                "ui_gametitle_id_1": "ui_gametitle_none",
                "ui_gametitle_id_2": "ui_gametitle_none",
                "ui_gametitle_id_3": "ui_gametitle_none",
                "ui_gametitle_id_4": "ui_gametitle_none",
                "name_id": null,
                "save_no": 0,
                "test_disp_order": 0,
                "menu_value": 0,
                "jp_region": true,
                "other_region": true,
                "possessed": true,
                "prize_lottery": false,
                "shop_price": 0,
                "count_target": true,
                "menu_loop": 1,
                "is_selectable_stage_make": true,
                "is_selectable_movie_edit": true,
                "is_selectable_original": true,
                "is_dlc": false,
                "is_patch": false,
                "dlc_ui_chara_id": null,
                "dlc_mii_hat_motif_id": null,
                "dlc_mii_body_motif_id": null,
                "msbt_title": {
                  "eu_de": "HDR Menu Theme 2",
                  "eu_en": "HDR Menu Theme 2",
                  "eu_es": "HDR Menu Theme 2",
                  "eu_fr": "HDR Menu Theme 2",
                  "eu_it": "HDR Menu Theme 2",
                  "eu_nl": "HDR Menu Theme 2",
                  "eu_ru": "HDR Menu Theme 2",
                  "jp_ja": "HDR Menu Theme 2",
                  "kr_ko": "HDR Menu Theme 2",
                  "us_en": "Menu 2 (HDR)",
                  "us_es": "HDR Menu Theme 2",
                  "us_fr": "HDR Menu Theme 2",
                  "zh_cn": "HDR Menu Theme 2",
                  "zh_tw": "HDR Menu Theme 2"
                },
                "msbt_copyright": {
                  "eu_de": "",
                  "eu_en": "",
                  "eu_es": "",
                  "eu_fr": "",
                  "eu_it": "",
                  "eu_nl": "",
                  "eu_ru": "",
                  "jp_ja": "",
                  "kr_ko": "",
                  "us_en": "",
                  "us_es": "",
                  "us_fr": "",
                  "zh_cn": "",
                  "zh_tw": ""
                },
                "msbt_author": {
                  "eu_de": "Composer: Kaiju_64",
                  "eu_en": "Composer: Kaiju_64",
                  "eu_es": "Composer: Kaiju_64",
                  "eu_fr": "Composer: Kaiju_64",
                  "eu_it": "Composer: Kaiju_64",
                  "eu_nl": "Composer: Kaiju_64",
                  "eu_ru": "Composer: Kaiju_64",
                  "jp_ja": "Composer: Kaiju_64",
                  "kr_ko": "Composer: Kaiju_64",
                  "us_en": "Composer: Kaiju_64",
                  "us_es": "Composer: Kaiju_64",
                  "us_fr": "Composer: Kaiju_64",
                  "zh_cn": "Composer: Kaiju_64",
                  "zh_tw": "Composer: Kaiju_64"
                },
                "0x0e6b57e593": false
              },
              "assigned_info": {
                "info_id": "info_bgm_hdr_w_hole_equation",
                "stream_id": "stream_bgm_hdr_w_hole_equation",
                "condition": "sound_condition_none",
                "condition_process": "0x1b9fe75d3f",
                "start_frame": 0,
                "change_fadein_frame": 0,
                "change_start_delay_frame": 0,
                "change_fadeout_frame": 55,
                "change_stop_delay_frame": 0,
                "menu_change_fadein_frame": 0,
                "menu_change_start_delay_frame": 0,
                "menu_change_fadeout_frame": 55,
                "menu_change_stop_delay_frame": 0
              },
              "stream_set": {
                "stream_set_id": "set_bgm_hdr_w_hole_equation",
                "special_category": null,
                "info0": "info_bgm_hdr_w_hole_equation",
                "info1": null,
                "info2": null,
                "info3": null,
                "info4": null,
                "info5": null,
                "info6": null,
                "info7": null,
                "info8": null,
                "info9": null,
                "info10": null,
                "info11": null,
                "info12": null,
                "info13": null,
                "info14": null,
                "info15": null
              },
              "stream_property": {
                "stream_id": "stream_bgm_hdr_w_hole_equation",
                "data_name0": "bgm_hdr_w_hole_equation",
                "data_name1": null,
                "data_name2": null,
                "data_name3": null,
                "data_name4": null,
                "loop": 1,
                "end_point": "00:00:00.000",
                "fadeout_frame": 400,
                "start_point_suddendeath": null,
                "start_point_transition": "00:00:00.000",
                "start_point0": null,
                "start_point1": null,
                "start_point2": null,
                "start_point3": null,
                "start_point4": null
              }
            }
          ]
        },
        {
          "ui_gametitle_id": "ui_gametitle_projectnx",
          "name_id": "projectnx",
          "ui_series_id": "ui_series_smashbros",
          "0x1c38302364": false,
          "release": 0,
          "msbt_title": {
            "eu_de": "ProjectNX",
            "eu_en": "ProjectNX",
            "eu_es": "ProjectNX",
            "eu_fr": "ProjectNX",
            "eu_it": "ProjectNX",
            "eu_nl": "ProjectNX",
            "eu_ru": "ProjectNX",
            "jp_ja": "ProjectNX",
            "kr_ko": "ProjectNX",
            "us_en": "ProjectNX",
            "us_es": "ProjectNX",
            "us_fr": "ProjectNX",
            "zh_cn": "ProjectNX",
            "zh_tw": "ProjectNX"
          },
          "bgms": [
            {
              "tone_id": "bgm_hdr_projectnx_theme",
              "filename": "bgm_hdr_projectnx_theme.nus3audio",
              "nus3bank_config": {
                "volume": 2.7
              },
              "bgm_properties": {
                "name_id": "bgm_hdr_projectnx_theme",
                "loop_start_ms": 2656,
                "loop_start_sample": 127530,
                "loop_end_ms": 129248,
                "loop_end_sample": 6203931,
                "total_time_ms": 129248,
                "total_samples": 6203933
              },
              "db_root": {
                "ui_bgm_id": "ui_bgm_bgm_hdr_projectnx_theme",
                "stream_set_id": "set_bgm_hdr_projectnx_theme",
                "rarity": "bgm_rarity_0",
                "record_type": "record_original",
                "ui_gametitle_id": "ui_gametitle_projectnx",
                "ui_gametitle_id_1": "ui_gametitle_none",
                "ui_gametitle_id_2": "ui_gametitle_none",
                "ui_gametitle_id_3": "ui_gametitle_none",
                "ui_gametitle_id_4": "ui_gametitle_none",
                "name_id": null,
                "save_no": 0,
                "test_disp_order": 0,
                "menu_value": 0,
                "jp_region": true,
                "other_region": true,
                "possessed": true,
                "prize_lottery": false,
                "shop_price": 0,
                "count_target": true,
                "menu_loop": 1,
                "is_selectable_stage_make": true,
                "is_selectable_movie_edit": true,
                "is_selectable_original": true,
                "is_dlc": false,
                "is_patch": false,
                "dlc_ui_chara_id": null,
                "dlc_mii_hat_motif_id": null,
                "dlc_mii_body_motif_id": null,
                "msbt_title": {
                  "eu_de": "ProjectNX Menu Theme",
                  "eu_en": "ProjectNX Menu Theme",
                  "eu_es": "ProjectNX Menu Theme",
                  "eu_fr": "ProjectNX Menu Theme",
                  "eu_it": "ProjectNX Menu Theme",
                  "eu_nl": "ProjectNX Menu Theme",
                  "eu_ru": "ProjectNX Menu Theme",
                  "jp_ja": "ProjectNX Menu Theme",
                  "kr_ko": "ProjectNX Menu Theme",
                  "us_en": "ProjectNX Main Theme",
                  "us_es": "ProjectNX Menu Theme",
                  "us_fr": "ProjectNX Menu Theme",
                  "zh_cn": "ProjectNX Menu Theme",
                  "zh_tw": "ProjectNX Menu Theme"
                },
                "msbt_copyright": {
                  "eu_de": "",
                  "eu_en": "",
                  "eu_es": "",
                  "eu_fr": "",
                  "eu_it": "",
                  "eu_nl": "",
                  "eu_ru": "",
                  "jp_ja": "",
                  "kr_ko": "",
                  "us_en": "",
                  "us_es": "",
                  "us_fr": "",
                  "zh_cn": "",
                  "zh_tw": ""
                },
                "msbt_author": {
                  "eu_de": "Composer: NyxTheShield",
                  "eu_en": "Composer: NyxTheShield",
                  "eu_es": "Composer: NyxTheShield",
                  "eu_fr": "Composer: NyxTheShield",
                  "eu_it": "Composer: NyxTheShield",
                  "eu_nl": "Composer: NyxTheShield",
                  "eu_ru": "Composer: NyxTheShield",
                  "jp_ja": "Composer: NyxTheShield",
                  "kr_ko": "Composer: NyxTheShield",
                  "us_en": "Composer: NyxTheShield",
                  "us_es": "Composer: NyxTheShield",
                  "us_fr": "Composer: NyxTheShield",
                  "zh_cn": "Composer: NyxTheShield",
                  "zh_tw": "Composer: NyxTheShield"
                },
                "0x0e6b57e593": false
              },
              "assigned_info": {
                "info_id": "info_bgm_hdr_projectnx_theme",
                "stream_id": "stream_bgm_hdr_projectnx_theme",
                "condition": "sound_condition_none",
                "condition_process": "0x1b9fe75d3f",
                "start_frame": 0,
                "change_fadein_frame": 0,
                "change_start_delay_frame": 0,
                "change_fadeout_frame": 55,
                "change_stop_delay_frame": 0,
                "menu_change_fadein_frame": 0,
                "menu_change_start_delay_frame": 0,
                "menu_change_fadeout_frame": 55,
                "menu_change_stop_delay_frame": 0
              },
              "stream_set": {
                "stream_set_id": "set_bgm_hdr_projectnx_theme",
                "special_category": null,
                "info0": "info_bgm_hdr_projectnx_theme",
                "info1": null,
                "info2": null,
                "info3": null,
                "info4": null,
                "info5": null,
                "info6": null,
                "info7": null,
                "info8": null,
                "info9": null,
                "info10": null,
                "info11": null,
                "info12": null,
                "info13": null,
                "info14": null,
                "info15": null
              },
              "stream_property": {
                "stream_id": "stream_bgm_hdr_projectnx_theme",
                "data_name0": "bgm_hdr_projectnx_theme",
                "data_name1": null,
                "data_name2": null,
                "data_name3": null,
                "data_name4": null,
                "loop": 1,
                "end_point": "00:00:00.000",
                "fadeout_frame": 400,
                "start_point_suddendeath": null,
                "start_point_transition": "00:00:00.000",
                "start_point0": null,
                "start_point1": null,
                "start_point2": null,
                "start_point3": null,
                "start_point4": null
              }
            }
          ]
        }
      ]
    }
  ],
  "name": "HDR Music",
  "author": "",
  "website": "",
  "description": ""
}